,Year,State,Year
,,,count
0,1980,Alabama,513
1,1980,Alaska,47
2,1980,Arizona,293
3,1980,Arkansas,214
4,1980,California,3590
5,1980,Colorado,198
6,1980,Connecticut,158
7,1980,Delaware,44
8,1980,District of Columbia,180
9,1980,Florida,1508
10,1980,Georgia,475
11,1980,Hawaii,84
12,1980,Idaho,30
13,1980,Illinois,1323
14,1980,Indiana,409
15,1980,Iowa,63
16,1980,Kansas,163
17,1980,Kentucky,389
18,1980,Louisiana,549
19,1980,Maine,36
20,1980,Maryland,432
21,1980,Massachusetts,223
22,1980,Michigan,973
23,1980,Minnesota,112
24,1980,Mississippi,218
25,1980,Missouri,531
26,1980,Montana,29
27,1980,Nebraska,58
28,1980,Nevada,154
29,1980,New Hampshire,24
30,1980,New Jersey,534
31,1980,New Mexico,141
32,1980,New York,2197
33,1980,North Carolina,628
34,1980,North Dakota,9
35,1980,Ohio,879
36,1980,Oklahoma,320
37,1980,Oregon,141
38,1980,Pennsylvania,844
39,1980,Rhodes Island,43
40,1980,South Carolina,367
41,1980,South Dakota,5
42,1980,Tennessee,497
43,1980,Texas,2402
44,1980,Utah,53
45,1980,Vermont,9
46,1980,Virginia,468
47,1980,Washington,222
48,1980,West Virginia,134
49,1980,Wisconsin,145
50,1980,Wyoming,34
51,1981,Alabama,453
52,1981,Alaska,69
53,1981,Arizona,237
54,1981,Arkansas,209
55,1981,California,2885
56,1981,Colorado,230
57,1981,Connecticut,155
58,1981,Delaware,41
59,1981,District of Columbia,232
60,1981,Florida,1586
61,1981,Georgia,491
62,1981,Hawaii,46
63,1981,Idaho,45
64,1981,Illinois,1221
65,1981,Indiana,357
66,1981,Iowa,79
67,1981,Kansas,165
68,1981,Kentucky,266
69,1981,Louisiana,650
70,1981,Maine,36
71,1981,Maryland,452
72,1981,Massachusetts,203
73,1981,Michigan,906
74,1981,Minnesota,87
75,1981,Mississippi,246
76,1981,Missouri,511
77,1981,Montana,23
78,1981,Nebraska,57
79,1981,Nevada,159
80,1981,New Hampshire,28
81,1981,New Jersey,567
82,1981,New Mexico,4
83,1981,New York,1818
84,1981,North Carolina,541
85,1981,North Dakota,15
86,1981,Ohio,797
87,1981,Oklahoma,316
88,1981,Oregon,118
89,1981,Pennsylvania,759
90,1981,Rhodes Island,42
91,1981,South Carolina,336
92,1981,South Dakota,10
93,1981,Tennessee,426
94,1981,Texas,2293
95,1981,Utah,54
96,1981,Vermont,9
97,1981,Virginia,474
98,1981,Washington,208
99,1981,West Virginia,122
100,1981,Wisconsin,148
101,1981,Wyoming,26
102,1982,Alabama,424
103,1982,Alaska,75
104,1982,Arizona,247
105,1982,Arkansas,195
106,1982,California,2976
107,1982,Colorado,193
108,1982,Connecticut,164
109,1982,Delaware,36
110,1982,District of Columbia,204
111,1982,Florida,1482
112,1982,Georgia,574
113,1982,Hawaii,33
114,1982,Idaho,25
115,1982,Illinois,1108
116,1982,Indiana,336
117,1982,Iowa,65
118,1982,Kansas,144
119,1982,Kentucky,286
120,1982,Louisiana,670
121,1982,Maine,25
122,1982,Maryland,452
123,1982,Massachusetts,217
124,1982,Michigan,889
125,1982,Minnesota,99
126,1982,Mississippi,232
127,1982,Missouri,465
128,1982,Montana,1
129,1982,Nebraska,35
130,1982,Nevada,130
131,1982,New Hampshire,21
132,1982,New Jersey,497
133,1982,New Mexico,115
134,1982,New York,1992
135,1982,North Carolina,563
136,1982,North Dakota,6
137,1982,Ohio,689
138,1982,Oklahoma,378
139,1982,Oregon,143
140,1982,Pennsylvania,704
141,1982,Rhodes Island,36
142,1982,South Carolina,368
143,1982,South Dakota,16
144,1982,Tennessee,418
145,1982,Texas,1848
146,1982,Utah,55
147,1982,Vermont,5
148,1982,Virginia,427
149,1982,Washington,192
150,1982,West Virginia,107
151,1982,Wisconsin,148
152,1982,Wyoming,34
153,1983,Alabama,372
154,1983,Alaska,74
155,1983,Arizona,225
156,1983,Arkansas,199
157,1983,California,2830
158,1983,Colorado,214
159,1983,Connecticut,130
160,1983,Delaware,27
161,1983,District of Columbia,188
162,1983,Florida,1262
163,1983,Georgia,424
164,1983,Hawaii,57
165,1983,Idaho,36
166,1983,Illinois,1128
167,1983,Indiana,269
168,1983,Iowa,70
169,1983,Kansas,146
170,1983,Kentucky,269
171,1983,Louisiana,580
172,1983,Maine,29
173,1983,Maryland,386
174,1983,Massachusetts,197
175,1983,Michigan,902
176,1983,Minnesota,68
177,1983,Mississippi,198
178,1983,Missouri,388
179,1983,Montana,23
180,1983,Nebraska,44
181,1983,Nevada,118
182,1983,New Hampshire,19
183,1983,New Jersey,415
184,1983,New Mexico,81
185,1983,New York,2086
186,1983,North Carolina,521
187,1983,North Dakota,15
188,1983,Ohio,589
189,1983,Oklahoma,272
190,1983,Oregon,113
191,1983,Pennsylvania,613
192,1983,Rhodes Island,32
193,1983,South Carolina,333
194,1983,South Dakota,11
195,1983,Tennessee,393
196,1983,Texas,2352
197,1983,Utah,56
198,1983,Vermont,6
199,1983,Virginia,405
200,1983,Washington,226
201,1983,West Virginia,97
202,1983,Wisconsin,135
203,1983,Wyoming,30
204,1984,Alabama,382
205,1984,Alaska,52
206,1984,Arizona,248
207,1984,Arkansas,183
208,1984,California,2888
209,1984,Colorado,192
210,1984,Connecticut,116
211,1984,Delaware,24
212,1984,District of Columbia,175
213,1984,Florida,1319
214,1984,Georgia,511
215,1984,Hawaii,34
216,1984,Idaho,37
217,1984,Illinois,254
218,1984,Indiana,281
219,1984,Iowa,56
220,1984,Kansas,96
221,1984,Kentucky,243
222,1984,Louisiana,521
223,1984,Maine,21
224,1984,Maryland,375
225,1984,Massachusetts,196
226,1984,Michigan,899
227,1984,Minnesota,76
228,1984,Mississippi,165
229,1984,Missouri,344
230,1984,Montana,32
231,1984,Nebraska,54
232,1984,Nevada,97
233,1984,New Hampshire,12
234,1984,New Jersey,399
235,1984,New Mexico,79
236,1984,New York,1829
237,1984,North Carolina,495
238,1984,North Dakota,13
239,1984,Ohio,543
240,1984,Oklahoma,264
241,1984,Oregon,147
242,1984,Pennsylvania,561
243,1984,Rhodes Island,32
244,1984,South Carolina,319
245,1984,South Dakota,10
246,1984,Tennessee,343
247,1984,Texas,2208
248,1984,Utah,49
249,1984,Vermont,14
250,1984,Virginia,457
251,1984,Washington,216
252,1984,West Virginia,88
253,1984,Wisconsin,124
254,1984,Wyoming,20
255,1985,Alabama,397
256,1985,Alaska,50
257,1985,Arizona,264
258,1985,Arkansas,188
259,1985,California,2986
260,1985,Colorado,204
261,1985,Connecticut,124
262,1985,Delaware,32
263,1985,District of Columbia,149
264,1985,Florida,1308
265,1985,Georgia,557
266,1985,Hawaii,43
267,1985,Idaho,24
268,1985,Illinois,227
269,1985,Indiana,287
270,1985,Iowa,57
271,1985,Kansas,128
272,1985,Kentucky,261
273,1985,Louisiana,453
274,1985,Maine,29
275,1985,Maryland,360
276,1985,Massachusetts,188
277,1985,Michigan,1066
278,1985,Minnesota,90
279,1985,Mississippi,180
280,1985,Missouri,387
281,1985,Montana,30
282,1985,Nebraska,46
283,1985,Nevada,101
284,1985,New Hampshire,18
285,1985,New Jersey,419
286,1985,New Mexico,138
287,1985,New York,1562
288,1985,North Carolina,527
289,1985,North Dakota,7
290,1985,Ohio,540
291,1985,Oklahoma,283
292,1985,Oregon,133
293,1985,Pennsylvania,581
294,1985,Rhodes Island,36
295,1985,South Carolina,323
296,1985,South Dakota,9
297,1985,Tennessee,387
298,1985,Texas,2248
299,1985,Utah,53
300,1985,Vermont,17
301,1985,Virginia,413
302,1985,Washington,234
303,1985,West Virginia,75
304,1985,Wisconsin,142
305,1985,Wyoming,25
306,1986,Alabama,407
307,1986,Alaska,47
308,1986,Arizona,321
309,1986,Arkansas,202
310,1986,California,3260
311,1986,Colorado,247
312,1986,Connecticut,148
313,1986,Delaware,32
314,1986,District of Columbia,154
315,1986,Florida,1427
316,1986,Georgia,652
317,1986,Hawaii,52
318,1986,Idaho,32
319,1986,Illinois,850
320,1986,Indiana,268
321,1986,Iowa,52
322,1986,Kansas,103
323,1986,Kentucky,251
324,1986,Louisiana,529
325,1986,Maine,24
326,1986,Maryland,406
327,1986,Massachusetts,163
328,1986,Michigan,1067
329,1986,Minnesota,101
330,1986,Mississippi,170
331,1986,Missouri,447
332,1986,Montana,2
333,1986,Nebraska,55
334,1986,Nevada,110
335,1986,New Hampshire,24
336,1986,New Jersey,407
337,1986,New Mexico,145
338,1986,New York,1682
339,1986,North Carolina,519
340,1986,North Dakota,7
341,1986,Ohio,546
342,1986,Oklahoma,285
343,1986,Oregon,184
344,1986,Pennsylvania,560
345,1986,Rhodes Island,34
346,1986,South Carolina,322
347,1986,South Dakota,18
348,1986,Tennessee,454
349,1986,Texas,2347
350,1986,Utah,55
351,1986,Vermont,12
352,1986,Virginia,427
353,1986,Washington,225
354,1986,West Virginia,120
355,1986,Wisconsin,144
356,1986,Wyoming,29
357,1987,Alabama,336
358,1987,Alaska,48
359,1987,Arizona,266
360,1987,Arkansas,187
361,1987,California,3166
362,1987,Colorado,211
363,1987,Connecticut,162
364,1987,Delaware,32
365,1987,District of Columbia,225
366,1987,Florida,1410
367,1987,Georgia,593
368,1987,Hawaii,53
369,1987,Idaho,35
370,1987,Illinois,343
371,1987,Indiana,222
372,1987,Iowa,31
373,1987,Kansas,106
374,1987,Kentucky,93
375,1987,Louisiana,382
376,1987,Maine,33
377,1987,Maryland,372
378,1987,Massachusetts,145
379,1987,Michigan,1153
380,1987,Minnesota,109
381,1987,Mississippi,178
382,1987,Missouri,395
383,1987,Nebraska,25
384,1987,Nevada,82
385,1987,New Hampshire,34
386,1987,New Jersey,365
387,1987,New Mexico,131
388,1987,New York,1881
389,1987,North Carolina,523
390,1987,North Dakota,10
391,1987,Ohio,605
392,1987,Oklahoma,268
393,1987,Oregon,166
394,1987,Pennsylvania,524
395,1987,Rhodes Island,41
396,1987,South Carolina,326
397,1987,South Dakota,11
398,1987,Tennessee,404
399,1987,Texas,2039
400,1987,Utah,56
401,1987,Vermont,16
402,1987,Virginia,453
403,1987,Washington,254
404,1987,West Virginia,104
405,1987,Wisconsin,168
406,1987,Wyoming,11
407,1988,Alabama,389
408,1988,Alaska,30
409,1988,Arizona,306
410,1988,Arkansas,216
411,1988,California,3135
412,1988,Colorado,206
413,1988,Connecticut,181
414,1988,Delaware,34
415,1988,District of Columbia,375
416,1988,Georgia,731
417,1988,Hawaii,47
418,1988,Idaho,35
419,1988,Illinois,1000
420,1988,Indiana,315
421,1988,Iowa,48
422,1988,Kansas,38
423,1988,Louisiana,452
424,1988,Maine,36
425,1988,Maryland,459
426,1988,Massachusetts,154
427,1988,Michigan,1037
428,1988,Minnesota,121
429,1988,Mississippi,152
430,1988,Missouri,394
431,1988,Montana,19
432,1988,Nebraska,58
433,1988,Nevada,104
434,1988,New Hampshire,29
435,1988,New Jersey,434
436,1988,New Mexico,134
437,1988,New York,2143
438,1988,North Carolina,507
439,1988,North Dakota,13
440,1988,Ohio,559
441,1988,Oklahoma,265
442,1988,Oregon,161
443,1988,Pennsylvania,572
444,1988,Rhodes Island,41
445,1988,South Carolina,345
446,1988,South Dakota,13
447,1988,Tennessee,407
448,1988,Texas,2009
449,1988,Utah,48
450,1988,Vermont,12
451,1988,Virginia,482
452,1988,Washington,273
453,1988,West Virginia,101
454,1988,Wisconsin,145
455,1988,Wyoming,14
456,1989,Alabama,416
457,1989,Alaska,41
458,1989,Arizona,291
459,1989,Arkansas,219
460,1989,California,3412
461,1989,Colorado,166
462,1989,Connecticut,197
463,1989,Delaware,33
464,1989,District of Columbia,439
465,1989,Georgia,805
466,1989,Hawaii,51
467,1989,Idaho,28
468,1989,Illinois,1086
469,1989,Indiana,271
470,1989,Iowa,57
471,1989,Kansas,81
472,1989,Kentucky,167
473,1989,Louisiana,586
474,1989,Maine,46
475,1989,Maryland,558
476,1989,Massachusetts,172
477,1989,Michigan,1016
478,1989,Minnesota,108
479,1989,Mississippi,169
480,1989,Missouri,413
481,1989,Montana,22
482,1989,Nebraska,40
483,1989,Nevada,98
484,1989,New Hampshire,36
485,1989,New Jersey,406
486,1989,New Mexico,108
487,1989,New York,1963
488,1989,North Carolina,589
489,1989,North Dakota,3
490,1989,Ohio,632
491,1989,Oklahoma,240
492,1989,Oregon,148
493,1989,Pennsylvania,745
494,1989,Rhodes Island,51
495,1989,South Carolina,336
496,1989,South Dakota,8
497,1989,Tennessee,371
498,1989,Texas,2142
499,1989,Utah,46
500,1989,Vermont,11
501,1989,Virginia,511
502,1989,Washington,211
503,1989,West Virginia,125
504,1989,Wisconsin,176
505,1989,Wyoming,22
506,1990,Alabama,463
507,1990,Alaska,37
508,1990,Arizona,301
509,1990,Arkansas,254
510,1990,California,3862
511,1990,Colorado,166
512,1990,Connecticut,177
513,1990,Delaware,33
514,1990,District of Columbia,481
515,1990,Georgia,737
516,1990,Hawaii,45
517,1990,Idaho,34
518,1990,Illinois,773
519,1990,Indiana,264
520,1990,Iowa,52
521,1990,Kansas,98
522,1990,Kentucky,248
523,1990,Louisiana,611
524,1990,Maine,18
525,1990,Maryland,578
526,1990,Massachusetts,186
527,1990,Michigan,997
528,1990,Minnesota,65
529,1990,Mississippi,178
530,1990,Missouri,438
531,1990,Montana,1
532,1990,Nebraska,42
533,1990,Nevada,105
534,1990,New Hampshire,21
535,1990,New Jersey,443
536,1990,New Mexico,96
537,1990,New York,2268
538,1990,North Carolina,704
539,1990,North Dakota,5
540,1990,Ohio,634
541,1990,Oklahoma,272
542,1990,Oregon,125
543,1990,Pennsylvania,784
544,1990,Rhodes Island,48
545,1990,South Carolina,422
546,1990,South Dakota,14
547,1990,Tennessee,433
548,1990,Texas,2485
549,1990,Utah,53
550,1990,Vermont,14
551,1990,Virginia,561
552,1990,Washington,249
553,1990,West Virginia,110
554,1990,Wisconsin,238
555,1990,Wyoming,23
556,1991,Alabama,434
557,1991,Alaska,45
558,1991,Arizona,308
559,1991,Arkansas,269
560,1991,California,4146
561,1991,Colorado,213
562,1991,Connecticut,172
563,1991,Delaware,39
564,1991,District of Columbia,489
565,1991,Florida,1
566,1991,Georgia,733
567,1991,Hawaii,46
568,1991,Idaho,17
569,1991,Illinois,1289
570,1991,Indiana,311
571,1991,Kansas,156
572,1991,Kentucky,250
573,1991,Louisiana,332
574,1991,Maryland,585
575,1991,Massachusetts,214
576,1991,Michigan,1028
577,1991,Minnesota,116
578,1991,Mississippi,219
579,1991,Missouri,523
580,1991,Montana,18
581,1991,Nebraska,56
582,1991,Nevada,139
583,1991,New Hampshire,37
584,1991,New Jersey,421
585,1991,New Mexico,115
586,1991,New York,2411
587,1991,North Carolina,779
588,1991,North Dakota,4
589,1991,Ohio,738
590,1991,Oklahoma,246
591,1991,Oregon,163
592,1991,Pennsylvania,733
593,1991,Rhodes Island,38
594,1991,South Carolina,382
595,1991,South Dakota,12
596,1991,Tennessee,401
597,1991,Texas,2768
598,1991,Utah,55
599,1991,Vermont,14
600,1991,Virginia,596
601,1991,Washington,221
602,1991,West Virginia,112
603,1991,Wisconsin,248
604,1991,Wyoming,15
605,1992,Alabama,391
606,1992,Alaska,44
607,1992,Arizona,345
608,1992,Arkansas,255
609,1992,California,4195
610,1992,Colorado,232
611,1992,Connecticut,181
612,1992,Delaware,20
613,1992,District of Columbia,450
614,1992,Florida,1257
615,1992,Georgia,681
616,1992,Hawaii,43
617,1992,Idaho,38
618,1992,Illinois,1262
619,1992,Indiana,369
620,1992,Iowa,24
621,1992,Kansas,162
622,1992,Kentucky,218
623,1992,Louisiana,690
624,1992,Maryland,623
625,1992,Massachusetts,180
626,1992,Michigan,985
627,1992,Minnesota,136
628,1992,Mississippi,209
629,1992,Missouri,519
630,1992,Montana,20
631,1992,Nebraska,44
632,1992,Nevada,136
633,1992,New Hampshire,19
634,1992,New Jersey,417
635,1992,New Mexico,101
636,1992,New York,2447
637,1992,North Carolina,728
638,1992,North Dakota,12
639,1992,Ohio,686
640,1992,Oklahoma,221
641,1992,Oregon,163
642,1992,Pennsylvania,772
643,1992,Rhodes Island,37
644,1992,South Carolina,371
645,1992,South Dakota,6
646,1992,Tennessee,468
647,1992,Texas,2359
648,1992,Utah,54
649,1992,Vermont,11
650,1992,Virginia,581
651,1992,Washington,274
652,1992,West Virginia,118
653,1992,Wisconsin,219
654,1992,Wyoming,20
655,1993,Alabama,477
656,1993,Alaska,60
657,1993,Arizona,362
658,1993,Arkansas,264
659,1993,California,4369
660,1993,Colorado,221
661,1993,Connecticut,222
662,1993,Delaware,22
663,1993,District of Columbia,423
664,1993,Florida,1329
665,1993,Georgia,764
666,1993,Hawaii,44
667,1993,Idaho,32
668,1993,Illinois,1013
669,1993,Indiana,368
670,1993,Iowa,35
671,1993,Kansas,30
672,1993,Kentucky,240
673,1993,Louisiana,800
674,1993,Maine,7
675,1993,Maryland,662
676,1993,Massachusetts,210
677,1993,Michigan,976
678,1993,Minnesota,140
679,1993,Mississippi,234
680,1993,Missouri,560
681,1993,Nebraska,31
682,1993,Nevada,137
683,1993,New Hampshire,21
684,1993,New Jersey,433
685,1993,New Mexico,102
686,1993,New York,2511
687,1993,North Carolina,796
688,1993,North Dakota,11
689,1993,Ohio,631
690,1993,Oklahoma,301
691,1993,Oregon,154
692,1993,Pennsylvania,834
693,1993,Rhodes Island,41
694,1993,South Carolina,392
695,1993,South Dakota,21
696,1993,Tennessee,468
697,1993,Texas,2271
698,1993,Utah,69
699,1993,Vermont,13
700,1993,Virginia,559
701,1993,Washington,287
702,1993,West Virginia,129
703,1993,Wisconsin,241
704,1993,Wyoming,18
705,1994,Alabama,501
706,1994,Alaska,44
707,1994,Arizona,438
708,1994,Arkansas,303
709,1994,California,3962
710,1994,Colorado,187
711,1994,Connecticut,220
712,1994,Delaware,14
713,1994,District of Columbia,417
714,1994,Florida,1278
715,1994,Georgia,699
716,1994,Hawaii,53
717,1994,Idaho,40
718,1994,Illinois,1223
719,1994,Indiana,395
720,1994,Iowa,48
721,1994,Kentucky,86
722,1994,Louisiana,865
723,1994,Maine,32
724,1994,Maryland,616
725,1994,Massachusetts,205
726,1994,Michigan,946
727,1994,Minnesota,144
728,1994,Mississippi,232
729,1994,Missouri,554
730,1994,Nebraska,19
731,1994,Nevada,176
732,1994,New Hampshire,16
733,1994,New Jersey,414
734,1994,New Mexico,115
735,1994,New York,2062
736,1994,North Carolina,785
737,1994,North Dakota,1
738,1994,Ohio,623
739,1994,Oklahoma,259
740,1994,Oregon,178
741,1994,Pennsylvania,734
742,1994,Rhodes Island,44
743,1994,South Carolina,364
744,1994,South Dakota,9
745,1994,Tennessee,449
746,1994,Texas,2121
747,1994,Utah,70
748,1994,Vermont,6
749,1994,Virginia,605
750,1994,Washington,317
751,1994,West Virginia,110
752,1994,Wisconsin,247
753,1994,Wyoming,20
754,1995,Alabama,467
755,1995,Alaska,54
756,1995,Arizona,478
757,1995,Arkansas,267
758,1995,California,3760
759,1995,Colorado,219
760,1995,Connecticut,156
761,1995,Delaware,9
762,1995,District of Columbia,377
763,1995,Florida,1114
764,1995,Georgia,660
765,1995,Hawaii,58
766,1995,Idaho,48
767,1995,Illinois,821
768,1995,Indiana,380
769,1995,Iowa,56
770,1995,Kentucky,260
771,1995,Louisiana,750
772,1995,Maine,26
773,1995,Maryland,622
774,1995,Massachusetts,213
775,1995,Michigan,834
776,1995,Minnesota,180
777,1995,Mississippi,201
778,1995,Missouri,455
779,1995,Montana,19
780,1995,Nebraska,21
781,1995,Nevada,174
782,1995,New Hampshire,17
783,1995,New Jersey,423
784,1995,New Mexico,120
785,1995,New York,1601
786,1995,North Carolina,714
787,1995,North Dakota,5
788,1995,Ohio,553
789,1995,Oklahoma,401
790,1995,Oregon,146
791,1995,Pennsylvania,725
792,1995,Rhodes Island,32
793,1995,South Carolina,301
794,1995,South Dakota,13
795,1995,Tennessee,473
796,1995,Texas,1733
797,1995,Utah,78
798,1995,Vermont,13
799,1995,Virginia,519
800,1995,Washington,288
801,1995,West Virginia,92
802,1995,Wisconsin,241
803,1995,Wyoming,12
804,1996,Alabama,430
805,1996,Alaska,41
806,1996,Arizona,390
807,1996,Arkansas,219
808,1996,California,3101
809,1996,Colorado,182
810,1996,Connecticut,166
811,1996,Delaware,33
812,1996,Florida,1426
813,1996,Georgia,644
814,1996,Hawaii,41
815,1996,Idaho,50
816,1996,Illinois,800
817,1996,Indiana,311
818,1996,Iowa,58
819,1996,Kentucky,224
820,1996,Louisiana,737
821,1996,Maine,26
822,1996,Maryland,598
823,1996,Massachusetts,161
824,1996,Michigan,720
825,1996,Minnesota,162
826,1996,Mississippi,190
827,1996,Missouri,407
828,1996,Nebraska,21
829,1996,Nevada,227
830,1996,New Hampshire,21
831,1996,New Jersey,352
832,1996,New Mexico,144
833,1996,New York,1355
834,1996,North Carolina,638
835,1996,North Dakota,11
836,1996,Ohio,496
837,1996,Oklahoma,235
838,1996,Oregon,139
839,1996,Pennsylvania,703
840,1996,Rhodes Island,25
841,1996,South Carolina,346
842,1996,South Dakota,6
843,1996,Tennessee,423
844,1996,Texas,1549
845,1996,Utah,67
846,1996,Vermont,16
847,1996,Virginia,508
848,1996,Washington,258
849,1996,West Virginia,69
850,1996,Wisconsin,225
851,1996,Wyoming,18
852,1997,Alabama,415
853,1997,Alaska,55
854,1997,Arizona,401
855,1997,Arkansas,255
856,1997,California,2773
857,1997,Colorado,175
858,1997,Connecticut,132
859,1997,Delaware,16
860,1997,District of Columbia,309
861,1997,Florida,1068
862,1997,Georgia,523
863,1997,Hawaii,48
864,1997,Idaho,43
865,1997,Illinois,763
866,1997,Indiana,394
867,1997,Iowa,43
868,1997,Kentucky,221
869,1997,Louisiana,675
870,1997,Maine,22
871,1997,Maryland,522
872,1997,Massachusetts,126
873,1997,Michigan,746
874,1997,Minnesota,127
875,1997,Mississippi,193
876,1997,Missouri,402
877,1997,Montana,16
878,1997,Nebraska,22
879,1997,Nevada,196
880,1997,New Jersey,358
881,1997,New Mexico,114
882,1997,New York,1113
883,1997,North Carolina,647
884,1997,North Dakota,7
885,1997,Ohio,380
886,1997,Oklahoma,249
887,1997,Oregon,113
888,1997,Pennsylvania,739
889,1997,Rhodes Island,27
890,1997,South Carolina,324
891,1997,South Dakota,5
892,1997,Tennessee,439
893,1997,Texas,1428
894,1997,Utah,75
895,1997,Vermont,9
896,1997,Virginia,508
897,1997,Washington,250
898,1997,West Virginia,85
899,1997,Wisconsin,225
900,1997,Wyoming,18
901,1998,Alabama,343
902,1998,Alaska,42
903,1998,Arizona,396
904,1998,Arkansas,209
905,1998,California,2353
906,1998,Colorado,195
907,1998,Connecticut,144
908,1998,Delaware,24
909,1998,Florida,1086
910,1998,Georgia,531
911,1998,Hawaii,27
912,1998,Idaho,36
913,1998,Illinois,738
914,1998,Indiana,408
915,1998,Iowa,49
916,1998,Kentucky,124
917,1998,Louisiana,567
918,1998,Maine,27
919,1998,Maryland,528
920,1998,Massachusetts,123
921,1998,Michigan,727
922,1998,Minnesota,117
923,1998,Mississippi,185
924,1998,Missouri,387
925,1998,Montana,11
926,1998,Nebraska,25
927,1998,Nevada,184
928,1998,New Hampshire,16
929,1998,New Jersey,334
930,1998,New Mexico,157
931,1998,New York,931
932,1998,North Carolina,633
933,1998,North Dakota,7
934,1998,Ohio,377
935,1998,Oklahoma,215
936,1998,Oregon,140
937,1998,Pennsylvania,628
938,1998,Rhodes Island,25
939,1998,South Carolina,310
940,1998,South Dakota,6
941,1998,Tennessee,436
942,1998,Texas,1448
943,1998,Utah,66
944,1998,Vermont,12
945,1998,Virginia,421
946,1998,Washington,215
947,1998,West Virginia,81
948,1998,Wyoming,17
949,1999,Alabama,15
950,1999,Alaska,56
951,1999,Arizona,424
952,1999,Arkansas,151
953,1999,California,2132
954,1999,Colorado,201
955,1999,Connecticut,117
956,1999,Delaware,25
957,1999,Florida,916
958,1999,Georgia,527
959,1999,Hawaii,43
960,1999,Idaho,26
961,1999,Illinois,665
962,1999,Indiana,335
963,1999,Iowa,52
964,1999,Kentucky,84
965,1999,Louisiana,482
966,1999,Maine,26
967,1999,Maryland,442
968,1999,Massachusetts,119
969,1999,Michigan,737
970,1999,Minnesota,131
971,1999,Mississippi,151
972,1999,Missouri,341
973,1999,Montana,11
974,1999,Nebraska,26
975,1999,Nevada,174
976,1999,New Hampshire,20
977,1999,New Jersey,296
978,1999,New Mexico,147
979,1999,New York,925
980,1999,North Carolina,575
981,1999,North Dakota,7
982,1999,Ohio,372
983,1999,Oklahoma,254
984,1999,Oregon,95
985,1999,Pennsylvania,596
986,1999,Rhodes Island,36
987,1999,South Carolina,278
988,1999,South Dakota,14
989,1999,Tennessee,411
990,1999,Texas,1268
991,1999,Utah,58
992,1999,Vermont,20
993,1999,Virginia,376
994,1999,Washington,182
995,1999,West Virginia,69
996,1999,Wisconsin,200
997,1999,Wyoming,13
998,2000,Alabama,235
999,2000,Alaska,35
1000,2000,Arizona,385
1001,2000,Arkansas,163
1002,2000,California,2219
1003,2000,Colorado,134
1004,2000,Connecticut,100
1005,2000,Delaware,27
1006,2000,Florida,815
1007,2000,Georgia,508
1008,2000,Hawaii,35
1009,2000,Idaho,17
1010,2000,Illinois,647
1011,2000,Indiana,308
1012,2000,Iowa,52
1013,2000,Kansas,49
1014,2000,Kentucky,73
1015,2000,Louisiana,558
1016,2000,Maine,15
1017,2000,Maryland,462
1018,2000,Massachusetts,119
1019,2000,Michigan,694
1020,2000,Minnesota,113
1021,2000,Mississippi,174
1022,2000,Missouri,343
1023,2000,Montana,12
1024,2000,Nebraska,29
1025,2000,Nevada,135
1026,2000,New Hampshire,15
1027,2000,New Jersey,298
1028,2000,New Mexico,126
1029,2000,New York,956
1030,2000,North Carolina,570
1031,2000,North Dakota,4
1032,2000,Ohio,372
1033,2000,Oklahoma,202
1034,2000,Oregon,71
1035,2000,Pennsylvania,604
1036,2000,Rhodes Island,45
1037,2000,South Carolina,288
1038,2000,South Dakota,8
1039,2000,Tennessee,435
1040,2000,Texas,1308
1041,2000,Utah,54
1042,2000,Vermont,10
1043,2000,Virginia,398
1044,2000,Washington,203
1045,2000,West Virginia,64
1046,2000,Wisconsin,172
1047,2000,Wyoming,12
1048,2001,Alabama,347
1049,2001,Alaska,39
1050,2001,Arizona,448
1051,2001,Arkansas,147
1052,2001,California,2357
1053,2001,Colorado,154
1054,2001,Connecticut,112
1055,2001,Delaware,29
1056,2001,District of Columbia,1
1057,2001,Florida,927
1058,2001,Georgia,575
1059,2001,Hawaii,36
1060,2001,Idaho,33
1061,2001,Illinois,687
1062,2001,Indiana,381
1063,2001,Iowa,53
1064,2001,Kansas,80
1065,2001,Kentucky,81
1066,2001,Louisiana,511
1067,2001,Maine,21
1068,2001,Maryland,485
1069,2001,Massachusetts,151
1070,2001,Michigan,674
1071,2001,Minnesota,120
1072,2001,Mississippi,193
1073,2001,Missouri,396
1074,2001,Montana,22
1075,2001,Nebraska,19
1076,2001,Nevada,197
1077,2001,New Hampshire,19
1078,2001,New Jersey,355
1079,2001,New Mexico,98
1080,2001,New York,949
1081,2001,North Carolina,543
1082,2001,North Dakota,9
1083,2001,Ohio,452
1084,2001,Oklahoma,215
1085,2001,Oregon,102
1086,2001,Pennsylvania,657
1087,2001,Rhodes Island,40
1088,2001,South Carolina,333
1089,2001,South Dakota,10
1090,2001,Tennessee,444
1091,2001,Texas,1387
1092,2001,Utah,82
1093,2001,Vermont,7
1094,2001,Virginia,377
1095,2001,Washington,199
1096,2001,West Virginia,40
1097,2001,Wisconsin,198
1098,2001,Wyoming,11
1099,2002,Alabama,292
1100,2002,Alaska,41
1101,2002,Arizona,446
1102,2002,Arkansas,146
1103,2002,California,2549
1104,2002,Colorado,181
1105,2002,Connecticut,86
1106,2002,Delaware,30
1107,2002,District of Columbia,252
1108,2002,Florida,960
1109,2002,Georgia,603
1110,2002,Hawaii,25
1111,2002,Idaho,36
1112,2002,Illinois,668
1113,2002,Indiana,335
1114,2002,Iowa,49
1115,2002,Kansas,75
1116,2002,Kentucky,87
1117,2002,Louisiana,577
1118,2002,Maine,16
1119,2002,Maryland,546
1120,2002,Massachusetts,171
1121,2002,Michigan,694
1122,2002,Minnesota,116
1123,2002,Mississippi,194
1124,2002,Missouri,352
1125,2002,Montana,13
1126,2002,Nebraska,23
1127,2002,Nevada,191
1128,2002,New Hampshire,14
1129,2002,New Jersey,349
1130,2002,New Mexico,149
1131,2002,New York,903
1132,2002,North Carolina,572
1133,2002,North Dakota,5
1134,2002,Ohio,504
1135,2002,Oklahoma,186
1136,2002,Oregon,76
1137,2002,Pennsylvania,625
1138,2002,Rhodes Island,41
1139,2002,South Carolina,311
1140,2002,South Dakota,12
1141,2002,Tennessee,457
1142,2002,Texas,1383
1143,2002,Utah,57
1144,2002,Vermont,13
1145,2002,Virginia,391
1146,2002,Washington,208
1147,2002,West Virginia,76
1148,2002,Wisconsin,166
1149,2002,Wyoming,16
1150,2003,Alabama,295
1151,2003,Alaska,44
1152,2003,Arizona,482
1153,2003,Arkansas,157
1154,2003,California,2584
1155,2003,Colorado,190
1156,2003,Connecticut,110
1157,2003,Delaware,21
1158,2003,District of Columbia,243
1159,2003,Florida,976
1160,2003,Georgia,643
1161,2003,Hawaii,23
1162,2003,Idaho,28
1163,2003,Illinois,624
1164,2003,Indiana,330
1165,2003,Iowa,51
1166,2003,Kansas,93
1167,2003,Kentucky,82
1168,2003,Louisiana,601
1169,2003,Maine,16
1170,2003,Maryland,542
1171,2003,Massachusetts,143
1172,2003,Michigan,636
1173,2003,Minnesota,126
1174,2003,Mississippi,191
1175,2003,Missouri,323
1176,2003,Montana,22
1177,2003,Nebraska,21
1178,2003,Nevada,202
1179,2003,New Hampshire,11
1180,2003,New Jersey,421
1181,2003,New Mexico,113
1182,2003,New York,917
1183,2003,North Carolina,521
1184,2003,North Dakota,8
1185,2003,Ohio,497
1186,2003,Oklahoma,232
1187,2003,Oregon,78
1188,2003,Pennsylvania,661
1189,2003,Rhodes Island,25
1190,2003,South Carolina,308
1191,2003,South Dakota,11
1192,2003,Tennessee,426
1193,2003,Texas,1510
1194,2003,Utah,61
1195,2003,Vermont,15
1196,2003,Virginia,419
1197,2003,Washington,204
1198,2003,West Virginia,65
1199,2003,Wisconsin,193
1200,2003,Wyoming,17
1201,2004,Alabama,253
1202,2004,Alaska,44
1203,2004,Arizona,458
1204,2004,Arkansas,157
1205,2004,California,2566
1206,2004,Colorado,216
1207,2004,Connecticut,103
1208,2004,Delaware,28
1209,2004,District of Columbia,189
1210,2004,Florida,1011
1211,2004,Georgia,549
1212,2004,Hawaii,34
1213,2004,Idaho,32
1214,2004,Illinois,472
1215,2004,Indiana,308
1216,2004,Iowa,47
1217,2004,Kansas,75
1218,2004,Kentucky,219
1219,2004,Louisiana,586
1220,2004,Maine,18
1221,2004,Maryland,539
1222,2004,Massachusetts,172
1223,2004,Michigan,663
1224,2004,Minnesota,121
1225,2004,Mississippi,181
1226,2004,Missouri,377
1227,2004,Montana,29
1228,2004,Nebraska,30
1229,2004,Nevada,187
1230,2004,New Hampshire,14
1231,2004,New Jersey,418
1232,2004,New Mexico,158
1233,2004,New York,902
1234,2004,North Carolina,503
1235,2004,North Dakota,8
1236,2004,Ohio,495
1237,2004,Oklahoma,205
1238,2004,Oregon,105
1239,2004,Pennsylvania,696
1240,2004,Rhodes Island,30
1241,2004,South Carolina,293
1242,2004,South Dakota,16
1243,2004,Tennessee,382
1244,2004,Texas,1431
1245,2004,Utah,58
1246,2004,Vermont,16
1247,2004,Virginia,392
1248,2004,Washington,208
1249,2004,West Virginia,66
1250,2004,Wisconsin,160
1251,2004,Wyoming,13
1252,2005,Alabama,327
1253,2005,Alaska,37
1254,2005,Arizona,473
1255,2005,Arkansas,181
1256,2005,California,2651
1257,2005,Colorado,177
1258,2005,Connecticut,111
1259,2005,Delaware,41
1260,2005,District of Columbia,187
1261,2005,Florida,960
1262,2005,Georgia,532
1263,2005,Hawaii,25
1264,2005,Idaho,42
1265,2005,Illinois,468
1266,2005,Indiana,347
1267,2005,Iowa,42
1268,2005,Kansas,100
1269,2005,Kentucky,180
1270,2005,Louisiana,433
1271,2005,Maine,20
1272,2005,Maryland,576
1273,2005,Massachusetts,178
1274,2005,Michigan,650
1275,2005,Minnesota,120
1276,2005,Mississippi,164
1277,2005,Missouri,425
1278,2005,Montana,23
1279,2005,Nebraska,15
1280,2005,Nevada,225
1281,2005,New Hampshire,18
1282,2005,New Jersey,434
1283,2005,New Mexico,139
1284,2005,New York,894
1285,2005,North Carolina,593
1286,2005,North Dakota,11
1287,2005,Ohio,565
1288,2005,Oklahoma,201
1289,2005,Oregon,97
1290,2005,Pennsylvania,785
1291,2005,Rhodes Island,34
1292,2005,South Carolina,321
1293,2005,South Dakota,15
1294,2005,Tennessee,463
1295,2005,Texas,1480
1296,2005,Utah,60
1297,2005,Vermont,10
1298,2005,Virginia,465
1299,2005,Washington,226
1300,2005,West Virginia,78
1301,2005,Wisconsin,220
1302,2005,Wyoming,17
1303,2006,Alabama,358
1304,2006,Alaska,42
1305,2006,Arizona,509
1306,2006,Arkansas,205
1307,2006,California,2649
1308,2006,Colorado,176
1309,2006,Connecticut,113
1310,2006,Delaware,42
1311,2006,District of Columbia,166
1312,2006,Florida,1210
1313,2006,Georgia,586
1314,2006,Hawaii,23
1315,2006,Idaho,33
1316,2006,Illinois,507
1317,2006,Indiana,352
1318,2006,Iowa,54
1319,2006,Kansas,129
1320,2006,Kentucky,159
1321,2006,Louisiana,516
1322,2006,Maine,26
1323,2006,Maryland,571
1324,2006,Massachusetts,188
1325,2006,Michigan,734
1326,2006,Minnesota,124
1327,2006,Mississippi,180
1328,2006,Missouri,356
1329,2006,Montana,21
1330,2006,Nebraska,17
1331,2006,Nevada,242
1332,2006,New Hampshire,12
1333,2006,New Jersey,447
1334,2006,New Mexico,111
1335,2006,New York,944
1336,2006,North Carolina,560
1337,2006,North Dakota,7
1338,2006,Ohio,526
1339,2006,Oklahoma,223
1340,2006,Oregon,107
1341,2006,Pennsylvania,790
1342,2006,Rhodes Island,28
1343,2006,South Carolina,373
1344,2006,South Dakota,11
1345,2006,Tennessee,444
1346,2006,Texas,1464
1347,2006,Utah,52
1348,2006,Vermont,14
1349,2006,Virginia,408
1350,2006,Washington,207
1351,2006,West Virginia,76
1352,2006,Wisconsin,174
1353,2006,Wyoming,9
1354,2007,Alabama,392
1355,2007,Alaska,53
1356,2007,Arizona,516
1357,2007,Arkansas,198
1358,2007,California,2425
1359,2007,Colorado,161
1360,2007,Connecticut,109
1361,2007,Delaware,39
1362,2007,District of Columbia,174
1363,2007,Florida,1349
1364,2007,Georgia,696
1365,2007,Hawaii,26
1366,2007,Idaho,51
1367,2007,Illinois,486
1368,2007,Indiana,346
1369,2007,Iowa,43
1370,2007,Kansas,106
1371,2007,Kentucky,209
1372,2007,Louisiana,607
1373,2007,Maine,26
1374,2007,Maryland,581
1375,2007,Massachusetts,187
1376,2007,Michigan,674
1377,2007,Minnesota,111
1378,2007,Mississippi,154
1379,2007,Missouri,401
1380,2007,Montana,15
1381,2007,Nebraska,23
1382,2007,Nevada,208
1383,2007,New Hampshire,11
1384,2007,New Jersey,390
1385,2007,New Mexico,164
1386,2007,New York,800
1387,2007,North Carolina,575
1388,2007,North Dakota,13
1389,2007,Ohio,505
1390,2007,Oklahoma,253
1391,2007,Oregon,82
1392,2007,Pennsylvania,794
1393,2007,Rhodes Island,19
1394,2007,South Carolina,369
1395,2007,South Dakota,15
1396,2007,Tennessee,445
1397,2007,Texas,1533
1398,2007,Utah,65
1399,2007,Vermont,13
1400,2007,Virginia,427
1401,2007,Washington,186
1402,2007,West Virginia,62
1403,2007,Wisconsin,198
1404,2007,Wyoming,18
1405,2008,Alabama,338
1406,2008,Alaska,27
1407,2008,Arizona,403
1408,2008,Arkansas,160
1409,2008,California,2142
1410,2008,Colorado,152
1411,2008,Connecticut,132
1412,2008,Delaware,57
1413,2008,Florida,1296
1414,2008,Georgia,619
1415,2008,Hawaii,26
1416,2008,Idaho,23
1417,2008,Illinois,530
1418,2008,Indiana,308
1419,2008,Iowa,77
1420,2008,Kansas,110
1421,2008,Kentucky,191
1422,2008,Louisiana,396
1423,2008,Maine,31
1424,2008,Maryland,493
1425,2008,Massachusetts,166
1426,2008,Michigan,553
1427,2008,Minnesota,106
1428,2008,Mississippi,185
1429,2008,Missouri,457
1430,2008,Montana,28
1431,2008,Nebraska,22
1432,2008,Nevada,163
1433,2008,New Hampshire,13
1434,2008,New Jersey,378
1435,2008,New Mexico,138
1436,2008,New York,838
1437,2008,North Carolina,587
1438,2008,North Dakota,3
1439,2008,Ohio,469
1440,2008,Oklahoma,212
1441,2008,Oregon,80
1442,2008,Pennsylvania,705
1443,2008,Rhodes Island,31
1444,2008,South Carolina,307
1445,2008,South Dakota,24
1446,2008,Tennessee,412
1447,2008,Texas,1368
1448,2008,Utah,40
1449,2008,Vermont,17
1450,2008,Virginia,370
1451,2008,Washington,192
1452,2008,West Virginia,64
1453,2008,Wisconsin,146
1454,2008,Wyoming,10
1455,2009,Alabama,318
1456,2009,Alaska,36
1457,2009,Arizona,370
1458,2009,Arkansas,173
1459,2009,California,2132
1460,2009,Colorado,165
1461,2009,Connecticut,106
1462,2009,Delaware,44
1463,2009,District of Columbia,157
1464,2009,Florida,1162
1465,2009,Georgia,584
1466,2009,Hawaii,24
1467,2009,Idaho,22
1468,2009,Illinois,500
1469,2009,Indiana,306
1470,2009,Iowa,44
1471,2009,Kansas,127
1472,2009,Kentucky,190
1473,2009,Louisiana,520
1474,2009,Maine,27
1475,2009,Maryland,469
1476,2009,Massachusetts,173
1477,2009,Michigan,646
1478,2009,Minnesota,89
1479,2009,Mississippi,162
1480,2009,Missouri,422
1481,2009,Montana,28
1482,2009,Nebraska,47
1483,2009,Nevada,183
1484,2009,New Hampshire,11
1485,2009,New Jersey,334
1486,2009,New Mexico,156
1487,2009,New York,781
1488,2009,North Carolina,506
1489,2009,North Dakota,9
1490,2009,Ohio,520
1491,2009,Oklahoma,246
1492,2009,Oregon,98
1493,2009,Pennsylvania,741
1494,2009,Rhodes Island,32
1495,2009,South Carolina,315
1496,2009,South Dakota,18
1497,2009,Tennessee,486
1498,2009,Texas,1470
1499,2009,Utah,41
1500,2009,Vermont,8
1501,2009,Virginia,392
1502,2009,Washington,207
1503,2009,West Virginia,77
1504,2009,Wisconsin,154
1505,2009,Wyoming,12
1506,2010,Alabama,191
1507,2010,Alaska,43
1508,2010,Arizona,400
1509,2010,Arkansas,141
1510,2010,California,1948
1511,2010,Colorado,145
1512,2010,Connecticut,134
1513,2010,Delaware,52
1514,2010,District of Columbia,134
1515,2010,Florida,1130
1516,2010,Georgia,565
1517,2010,Hawaii,27
1518,2010,Idaho,22
1519,2010,Illinois,472
1520,2010,Indiana,291
1521,2010,Iowa,39
1522,2010,Kansas,107
1523,2010,Kentucky,189
1524,2010,Louisiana,493
1525,2010,Maine,27
1526,2010,Maryland,445
1527,2010,Massachusetts,219
1528,2010,Michigan,606
1529,2010,Minnesota,105
1530,2010,Mississippi,174
1531,2010,Missouri,450
1532,2010,Montana,23
1533,2010,Nebraska,58
1534,2010,Nevada,175
1535,2010,New Hampshire,13
1536,2010,New Jersey,392
1537,2010,New Mexico,142
1538,2010,New York,863
1539,2010,North Carolina,468
1540,2010,North Dakota,9
1541,2010,Ohio,481
1542,2010,Oklahoma,209
1543,2010,Oregon,93
1544,2010,Pennsylvania,699
1545,2010,Rhodes Island,30
1546,2010,South Carolina,278
1547,2010,South Dakota,17
1548,2010,Tennessee,397
1549,2010,Texas,1363
1550,2010,Utah,58
1551,2010,Vermont,7
1552,2010,Virginia,387
1553,2010,Washington,175
1554,2010,West Virginia,57
1555,2010,Wisconsin,170
1556,2010,Wyoming,8
1557,2011,Alaska,36
1558,2011,Arizona,379
1559,2011,Arkansas,160
1560,2011,California,1931
1561,2011,Colorado,167
1562,2011,Connecticut,130
1563,2011,Delaware,48
1564,2011,District of Columbia,116
1565,2011,Florida,1136
1566,2011,Georgia,557
1567,2011,Hawaii,24
1568,2011,Idaho,31
1569,2011,Illinois,486
1570,2011,Indiana,307
1571,2011,Iowa,47
1572,2011,Kansas,117
1573,2011,Kentucky,161
1574,2011,Louisiana,509
1575,2011,Maine,35
1576,2011,Maryland,429
1577,2011,Massachusetts,184
1578,2011,Michigan,668
1579,2011,Minnesota,82
1580,2011,Mississippi,195
1581,2011,Missouri,402
1582,2011,Montana,19
1583,2011,Nebraska,71
1584,2011,Nevada,155
1585,2011,New Hampshire,17
1586,2011,New Jersey,398
1587,2011,New Mexico,132
1588,2011,New York,769
1589,2011,North Carolina,507
1590,2011,North Dakota,14
1591,2011,Ohio,499
1592,2011,Oklahoma,227
1593,2011,Oregon,92
1594,2011,Pennsylvania,689
1595,2011,Rhodes Island,20
1596,2011,South Carolina,334
1597,2011,South Dakota,19
1598,2011,Tennessee,421
1599,2011,Texas,1217
1600,2011,Utah,55
1601,2011,Vermont,11
1602,2011,Virginia,319
1603,2011,Washington,183
1604,2011,West Virginia,84
1605,2011,Wisconsin,147
1606,2011,Wyoming,20
1607,2012,Alabama,2
1608,2012,Alaska,40
1609,2012,Arizona,365
1610,2012,Arkansas,176
1611,2012,California,2047
1612,2012,Colorado,172
1613,2012,Connecticut,145
1614,2012,Delaware,57
1615,2012,Florida,1170
1616,2012,Georgia,584
1617,2012,Hawaii,23
1618,2012,Idaho,29
1619,2012,Illinois,528
1620,2012,Indiana,307
1621,2012,Iowa,51
1622,2012,Kansas,90
1623,2012,Kentucky,211
1624,2012,Louisiana,511
1625,2012,Maine,33
1626,2012,Maryland,403
1627,2012,Massachusetts,122
1628,2012,Michigan,731
1629,2012,Minnesota,116
1630,2012,Mississippi,179
1631,2012,Missouri,423
1632,2012,Montana,23
1633,2012,Nebraska,56
1634,2012,Nevada,136
1635,2012,New Hampshire,15
1636,2012,New Jersey,405
1637,2012,New Mexico,112
1638,2012,New York,682
1639,2012,North Carolina,503
1640,2012,North Dakota,14
1641,2012,Ohio,475
1642,2012,Oklahoma,239
1643,2012,Oregon,97
1644,2012,Pennsylvania,766
1645,2012,Rhodes Island,37
1646,2012,South Carolina,349
1647,2012,South Dakota,16
1648,2012,Tennessee,440
1649,2012,Texas,1267
1650,2012,Utah,57
1651,2012,Vermont,10
1652,2012,Virginia,334
1653,2012,Washington,215
1654,2012,West Virginia,72
1655,2012,Wisconsin,181
1656,2012,Wyoming,17
1657,2013,Alabama,2
1658,2013,Alaska,41
1659,2013,Arizona,383
1660,2013,Arkansas,156
1661,2013,California,1930
1662,2013,Colorado,186
1663,2013,Connecticut,93
1664,2013,Delaware,41
1665,2013,District of Columbia,115
1666,2013,Florida,1129
1667,2013,Georgia,567
1668,2013,Hawaii,24
1669,2013,Idaho,30
1670,2013,Illinois,453
1671,2013,Indiana,350
1672,2013,Iowa,42
1673,2013,Kansas,118
1674,2013,Kentucky,174
1675,2013,Louisiana,478
1676,2013,Maine,30
1677,2013,Maryland,406
1678,2013,Massachusetts,136
1679,2013,Michigan,645
1680,2013,Minnesota,127
1681,2013,Mississippi,147
1682,2013,Missouri,405
1683,2013,Montana,16
1684,2013,Nebraska,64
1685,2013,Nevada,168
1686,2013,New Hampshire,23
1687,2013,New Jersey,420
1688,2013,New Mexico,119
1689,2013,New York,651
1690,2013,North Carolina,477
1691,2013,North Dakota,11
1692,2013,Ohio,474
1693,2013,Oklahoma,216
1694,2013,Oregon,85
1695,2013,Pennsylvania,667
1696,2013,Rhodes Island,31
1697,2013,South Carolina,318
1698,2013,South Dakota,13
1699,2013,Tennessee,363
1700,2013,Texas,1272
1701,2013,Utah,51
1702,2013,Vermont,11
1703,2013,Virginia,336
1704,2013,Washington,194
1705,2013,West Virginia,58
1706,2013,Wisconsin,182
1707,2013,Wyoming,17
1708,2014,Alabama,1
1709,2014,Alaska,48
1710,2014,Arizona,313
1711,2014,Arkansas,169
1712,2014,California,1872
1713,2014,Colorado,165
1714,2014,Connecticut,90
1715,2014,Delaware,53
1716,2014,District of Columbia,114
1717,2014,Florida,1156
1718,2014,Georgia,608
1719,2014,Hawaii,15
1720,2014,Idaho,30
1721,2014,Illinois,456
1722,2014,Indiana,337
1723,2014,Iowa,63
1724,2014,Kansas,93
1725,2014,Kentucky,168
1726,2014,Louisiana,452
1727,2014,Maine,29
1728,2014,Maryland,337
1729,2014,Massachusetts,132
1730,2014,Michigan,576
1731,2014,Minnesota,110
1732,2014,Mississippi,173
1733,2014,Missouri,439
1734,2014,Montana,30
1735,2014,Nebraska,57
1736,2014,Nevada,185
1737,2014,New Hampshire,16
1738,2014,New Jersey,359
1739,2014,New Mexico,128
1740,2014,New York,642
1741,2014,North Carolina,493
1742,2014,North Dakota,15
1743,2014,Ohio,455
1744,2014,Oklahoma,199
1745,2014,Oregon,84
1746,2014,Pennsylvania,646
1747,2014,Rhodes Island,27
1748,2014,South Carolina,336
1749,2014,South Dakota,20
1750,2014,Tennessee,414
1751,2014,Texas,1324
1752,2014,Utah,72
1753,2014,Vermont,11
1754,2014,Virginia,354
1755,2014,Washington,206
1756,2014,West Virginia,74
1757,2014,Wisconsin,171
1758,2014,Wyoming,14
