City,State,Year,City Totals,Rank
Alameda,California,1992,229,4.0
Alameda,California,1993,215,4.0
Alameda,California,1995,215,3.0
Alameda,California,1991,211,4.0
Alameda,California,1990,209,4.0
Alameda,California,1994,199,4.0
Alameda,California,1989,191,3.0
Alameda,California,1986,190,3.0
Alameda,California,1980,185,2.0
Alameda,California,2006,178,2.0
Alameda,California,1987,173,3.0
Alameda,California,1981,167,2.0
Alameda,California,1988,166,3.0
Alameda,California,2007,163,3.0
Alameda,California,1984,160,3.0
Alameda,California,1985,159,3.0
Alameda,California,2012,157,2.0
Alameda,California,1997,155,3.0
Alameda,California,2002,154,3.0
Alameda,California,1996,152,4.0
Alameda,California,1982,147,2.0
Alameda,California,2003,146,3.0
Alameda,California,2008,146,2.0
Alameda,California,1983,144,2.0
Alameda,California,2009,141,2.0
Alameda,California,2011,139,2.0
Alameda,California,2010,137,2.0
Alameda,California,2005,132,3.0
Alameda,California,2004,124,4.0
Alameda,California,1998,119,3.0
Alameda,California,2000,118,3.0
Alameda,California,2013,116,3.0
Alameda,California,2001,109,3.0
Alameda,California,2014,108,3.0
Alameda,California,1999,97,5.0
Alpine,California,1980,1,51.0
Alpine,California,1984,1,50.0
Alpine,California,1986,1,48.0
Alpine,California,1988,1,50.0
Alpine,California,2007,1,45.0
Alpine,California,2008,1,42.0
Amador,California,1984,4,39.0
Amador,California,1987,4,39.0
Amador,California,1985,3,43.0
Amador,California,2011,3,36.0
Amador,California,1992,2,43.0
Amador,California,1993,2,41.0
Amador,California,2004,2,40.0
Amador,California,2006,2,40.0
Amador,California,1986,1,48.0
Amador,California,1989,1,44.0
Amador,California,1999,1,43.0
Amador,California,2000,1,46.0
Amador,California,2009,1,42.0
Amador,California,2010,1,42.0
Amador,California,2014,1,47.0
Butte,California,1987,17,21.0
Butte,California,1992,16,20.0
Butte,California,2013,16,20.0
Butte,California,1990,14,23.0
Butte,California,2006,14,22.0
Butte,California,2012,13,20.0
Butte,California,1989,12,24.0
Butte,California,1991,12,24.0
Butte,California,1996,12,23.0
Butte,California,2001,12,23.0
Butte,California,2003,12,23.0
Butte,California,2005,12,21.0
Butte,California,2014,12,22.0
Butte,California,2009,11,21.0
Butte,California,1982,10,25.0
Butte,California,1997,10,22.0
Butte,California,2007,10,24.0
Butte,California,2011,9,24.0
Butte,California,1998,8,26.0
Butte,California,2000,8,23.0
Butte,California,1980,7,33.0
Butte,California,1986,7,31.0
Butte,California,1993,7,31.0
Butte,California,2008,7,27.0
Butte,California,2010,7,24.0
Butte,California,1988,6,31.0
Butte,California,1994,6,32.0
Butte,California,1995,6,33.0
Butte,California,2004,6,26.0
Butte,California,1983,5,34.0
Butte,California,1984,5,35.0
Butte,California,1985,5,36.0
Butte,California,1981,4,37.0
Butte,California,1999,4,30.0
Butte,California,2002,4,34.0
Calaveras,California,1985,19,18.0
Calaveras,California,1987,5,36.0
Calaveras,California,1988,5,35.0
Calaveras,California,1992,5,35.0
Calaveras,California,1996,5,31.0
Calaveras,California,2013,5,31.0
Calaveras,California,1984,4,39.0
Calaveras,California,1990,4,40.0
Calaveras,California,1994,4,35.0
Calaveras,California,2000,4,33.0
Calaveras,California,1986,3,41.0
Calaveras,California,1991,3,42.0
Calaveras,California,1995,3,41.0
Calaveras,California,2004,3,35.0
Calaveras,California,1981,2,43.0
Calaveras,California,1982,2,45.0
Calaveras,California,1983,2,43.0
Calaveras,California,1997,2,41.0
Calaveras,California,1998,2,41.0
Calaveras,California,2001,2,40.0
Calaveras,California,2002,2,39.0
Calaveras,California,2003,2,38.0
Calaveras,California,2005,2,42.0
Calaveras,California,2006,2,40.0
Calaveras,California,2008,2,41.0
Calaveras,California,1989,1,44.0
Calaveras,California,1993,1,49.0
Calaveras,California,2009,1,42.0
Calaveras,California,2010,1,42.0
Calaveras,California,2011,1,48.0
Colusa,California,2000,4,33.0
Colusa,California,1986,3,41.0
Colusa,California,1997,3,40.0
Colusa,California,1999,3,36.0
Colusa,California,1980,2,46.0
Colusa,California,1985,2,46.0
Colusa,California,1993,2,41.0
Colusa,California,1981,1,46.0
Colusa,California,1982,1,50.0
Colusa,California,1983,1,47.0
Colusa,California,1987,1,50.0
Colusa,California,1988,1,50.0
Colusa,California,1990,1,47.0
Colusa,California,1991,1,48.0
Colusa,California,1992,1,47.0
Colusa,California,1994,1,48.0
Colusa,California,1995,1,46.0
Colusa,California,1998,1,43.0
Colusa,California,2007,1,45.0
Colusa,California,2008,1,42.0
Colusa,California,2009,1,42.0
Colusa,California,2011,1,48.0
Colusa,California,2012,1,42.0
Contra Costa,California,1994,125,9.0
Contra Costa,California,1993,120,10.0
Contra Costa,California,1991,113,8.0
Contra Costa,California,2007,103,6.0
Contra Costa,California,2006,98,7.0
Contra Costa,California,2009,93,5.0
Contra Costa,California,1992,89,10.0
Contra Costa,California,1995,84,10.0
Contra Costa,California,2005,82,10.0
Contra Costa,California,1989,81,8.0
Contra Costa,California,1996,79,10.0
Contra Costa,California,2003,79,7.0
Contra Costa,California,2004,77,9.0
Contra Costa,California,2008,76,8.0
Contra Costa,California,1988,75,9.0
Contra Costa,California,1990,74,11.0
Contra Costa,California,2010,73,8.0
Contra Costa,California,2011,70,9.0
Contra Costa,California,1984,69,11.0
Contra Costa,California,1985,67,11.0
Contra Costa,California,1997,65,10.0
Contra Costa,California,2012,63,11.0
Contra Costa,California,1999,62,9.0
Contra Costa,California,2000,62,7.0
Contra Costa,California,1998,58,11.0
Contra Costa,California,1981,57,13.0
Contra Costa,California,1982,57,13.0
Contra Costa,California,1987,56,11.0
Contra Costa,California,2001,55,10.0
Contra Costa,California,1986,53,13.0
Contra Costa,California,2014,53,11.0
Contra Costa,California,1980,52,13.0
Contra Costa,California,2002,52,12.0
Contra Costa,California,1983,50,11.0
Contra Costa,California,2013,47,13.0
Del Norte,California,1983,5,34.0
Del Norte,California,1988,5,35.0
Del Norte,California,1991,4,40.0
Del Norte,California,1980,3,40.0
Del Norte,California,1984,3,43.0
Del Norte,California,1985,3,43.0
Del Norte,California,1992,3,41.0
Del Norte,California,2010,3,34.0
Del Norte,California,1981,2,43.0
Del Norte,California,1982,2,45.0
Del Norte,California,1986,2,45.0
Del Norte,California,1987,2,45.0
Del Norte,California,1994,2,40.0
Del Norte,California,1997,2,41.0
Del Norte,California,2002,2,39.0
Del Norte,California,2007,2,40.0
Del Norte,California,2011,2,42.0
Del Norte,California,1989,1,44.0
Del Norte,California,1990,1,47.0
Del Norte,California,1993,1,49.0
Del Norte,California,1999,1,43.0
Del Norte,California,2000,1,46.0
Del Norte,California,2001,1,41.0
Del Norte,California,2004,1,44.0
Del Norte,California,2005,1,45.0
Del Norte,California,2009,1,42.0
Del Norte,California,2012,1,42.0
Del Norte,California,2013,1,48.0
Del Norte,California,2014,1,47.0
El Dorado,California,1991,14,23.0
El Dorado,California,1987,10,27.0
El Dorado,California,1990,10,31.0
El Dorado,California,1980,9,30.0
El Dorado,California,1982,9,27.0
El Dorado,California,1986,9,29.0
El Dorado,California,1992,9,27.0
El Dorado,California,1994,9,27.0
El Dorado,California,1985,8,29.0
El Dorado,California,2008,8,24.0
El Dorado,California,1981,7,28.0
El Dorado,California,1983,7,29.0
El Dorado,California,1984,7,30.0
El Dorado,California,1997,7,27.0
El Dorado,California,1998,7,31.0
El Dorado,California,1988,6,31.0
El Dorado,California,2001,6,27.0
El Dorado,California,2006,6,29.0
El Dorado,California,2007,6,28.0
El Dorado,California,2013,6,27.0
El Dorado,California,1993,5,33.0
El Dorado,California,1995,5,36.0
El Dorado,California,2002,5,28.0
El Dorado,California,2005,5,27.0
El Dorado,California,2010,5,28.0
El Dorado,California,2012,5,29.0
El Dorado,California,1989,4,35.0
El Dorado,California,2000,4,33.0
El Dorado,California,2011,4,33.0
El Dorado,California,1999,3,36.0
El Dorado,California,2003,3,36.0
El Dorado,California,2004,3,35.0
El Dorado,California,2009,3,34.0
El Dorado,California,2014,3,38.0
El Dorado,California,1996,2,39.0
Fresno,California,1992,138,7.0
Fresno,California,1993,138,8.0
Fresno,California,1994,131,8.0
Fresno,California,1995,116,8.0
Fresno,California,1980,111,7.0
Fresno,California,1990,100,8.0
Fresno,California,1996,99,8.0
Fresno,California,1986,96,8.0
Fresno,California,1991,92,10.0
Fresno,California,1997,92,8.0
Fresno,California,1985,89,7.0
Fresno,California,2005,84,8.0
Fresno,California,2012,83,8.0
Fresno,California,2006,78,10.0
Fresno,California,2007,78,10.0
Fresno,California,2009,78,9.0
Fresno,California,2004,77,9.0
Fresno,California,1982,76,8.0
Fresno,California,1984,76,9.0
Fresno,California,1989,71,10.0
Fresno,California,1983,70,10.0
Fresno,California,1987,70,9.0
Fresno,California,1988,70,12.0
Fresno,California,2002,70,9.0
Fresno,California,1981,68,11.0
Fresno,California,2003,68,10.0
Fresno,California,2014,68,10.0
Fresno,California,2010,67,10.0
Fresno,California,2008,65,10.0
Fresno,California,2013,62,8.0
Fresno,California,2001,61,9.0
Fresno,California,1998,60,9.0
Fresno,California,2011,55,11.0
Fresno,California,1999,47,11.0
Fresno,California,2000,40,11.0
Glenn,California,1984,4,39.0
Glenn,California,1989,3,38.0
Glenn,California,1998,3,39.0
Glenn,California,1980,2,46.0
Glenn,California,1982,2,45.0
Glenn,California,1985,2,46.0
Glenn,California,1987,2,45.0
Glenn,California,1991,2,44.0
Glenn,California,1993,2,41.0
Glenn,California,2003,2,38.0
Glenn,California,2007,2,40.0
Glenn,California,2011,2,42.0
Glenn,California,1996,1,44.0
Glenn,California,1997,1,45.0
Glenn,California,1999,1,43.0
Glenn,California,2000,1,46.0
Glenn,California,2006,1,45.0
Glenn,California,2008,1,42.0
Glenn,California,2010,1,42.0
Glenn,California,2014,1,47.0
Humboldt,California,1982,22,18.0
Humboldt,California,1993,14,22.0
Humboldt,California,1999,12,22.0
Humboldt,California,2002,12,22.0
Humboldt,California,2014,12,22.0
Humboldt,California,1980,11,26.0
Humboldt,California,1990,11,26.0
Humboldt,California,1988,10,25.0
Humboldt,California,1985,9,27.0
Humboldt,California,1991,9,30.0
Humboldt,California,1995,9,26.0
Humboldt,California,2003,9,27.0
Humboldt,California,2006,9,25.0
Humboldt,California,2009,9,24.0
Humboldt,California,2013,9,25.0
Humboldt,California,1997,8,24.0
Humboldt,California,1983,7,29.0
Humboldt,California,1984,7,30.0
Humboldt,California,1986,7,31.0
Humboldt,California,1992,7,29.0
Humboldt,California,1994,7,29.0
Humboldt,California,2001,7,25.0
Humboldt,California,2010,7,24.0
Humboldt,California,1987,6,35.0
Humboldt,California,1981,5,35.0
Humboldt,California,1998,5,35.0
Humboldt,California,2000,5,27.0
Humboldt,California,2004,5,29.0
Humboldt,California,2007,5,31.0
Humboldt,California,1989,4,35.0
Humboldt,California,2005,4,30.0
Humboldt,California,1996,3,35.0
Humboldt,California,2008,3,37.0
Humboldt,California,2011,3,36.0
Humboldt,California,2012,2,39.0
Imperial,California,1980,18,20.0
Imperial,California,1986,15,22.0
Imperial,California,1992,15,22.0
Imperial,California,1996,13,22.0
Imperial,California,1990,12,24.0
Imperial,California,2003,12,23.0
Imperial,California,1981,11,22.0
Imperial,California,1982,10,25.0
Imperial,California,1988,10,25.0
Imperial,California,1991,10,27.0
Imperial,California,1995,10,24.0
Imperial,California,1984,9,26.0
Imperial,California,1983,8,28.0
Imperial,California,1987,8,29.0
Imperial,California,1998,8,26.0
Imperial,California,2008,8,24.0
Imperial,California,1994,7,29.0
Imperial,California,1989,6,29.0
Imperial,California,1985,5,36.0
Imperial,California,1993,5,33.0
Imperial,California,1997,5,31.0
Imperial,California,2001,5,31.0
Imperial,California,2007,5,31.0
Imperial,California,2000,4,33.0
Imperial,California,2004,4,33.0
Imperial,California,2002,3,38.0
Imperial,California,2006,3,36.0
Imperial,California,2009,3,34.0
Imperial,California,2010,3,34.0
Imperial,California,2011,3,36.0
Imperial,California,2012,3,35.0
Imperial,California,2014,3,38.0
Imperial,California,1999,2,38.0
Imperial,California,2013,2,41.0
Inyo,California,1980,3,40.0
Inyo,California,1982,3,39.0
Inyo,California,1989,3,38.0
Inyo,California,1981,2,43.0
Inyo,California,1985,2,46.0
Inyo,California,1988,2,46.0
Inyo,California,1997,2,41.0
Inyo,California,2003,2,38.0
Inyo,California,2009,2,39.0
Inyo,California,1983,1,47.0
Inyo,California,1984,1,50.0
Inyo,California,1986,1,48.0
Inyo,California,1993,1,49.0
Inyo,California,2000,1,46.0
Inyo,California,2005,1,45.0
Inyo,California,2011,1,48.0
Kern,California,1994,97,11.0
Kern,California,1980,89,10.0
Kern,California,2009,87,7.0
Kern,California,2010,83,6.0
Kern,California,1995,80,11.0
Kern,California,1993,79,11.0
Kern,California,1981,76,10.0
Kern,California,2005,74,11.0
Kern,California,1988,72,10.0
Kern,California,2013,71,7.0
Kern,California,2014,71,7.0
Kern,California,2012,70,10.0
Kern,California,1982,67,12.0
Kern,California,1990,67,12.0
Kern,California,2006,67,11.0
Kern,California,1985,66,12.0
Kern,California,1987,66,10.0
Kern,California,1997,64,11.0
Kern,California,1991,63,13.0
Kern,California,1998,60,9.0
Kern,California,2007,58,11.0
Kern,California,2008,57,11.0
Kern,California,1986,56,12.0
Kern,California,1996,56,12.0
Kern,California,1999,56,10.0
Kern,California,2004,56,12.0
Kern,California,2002,55,11.0
Kern,California,1992,54,14.0
Kern,California,2011,54,12.0
Kern,California,1989,52,13.0
Kern,California,2001,50,12.0
Kern,California,2003,48,13.0
Kern,California,1983,46,12.0
Kern,California,1984,43,13.0
Kern,California,2000,40,11.0
Kings,California,1982,12,22.0
Kings,California,1993,10,26.0
Kings,California,1996,10,25.0
Kings,California,1995,9,26.0
Kings,California,2007,8,25.0
Kings,California,2011,8,25.0
Kings,California,1985,7,32.0
Kings,California,1991,7,32.0
Kings,California,1994,7,29.0
Kings,California,2004,7,24.0
Kings,California,2008,7,27.0
Kings,California,2014,7,27.0
Kings,California,1981,6,30.0
Kings,California,1997,6,29.0
Kings,California,2013,6,27.0
Kings,California,1980,5,38.0
Kings,California,1983,5,34.0
Kings,California,1986,5,39.0
Kings,California,1990,5,36.0
Kings,California,1998,5,35.0
Kings,California,2002,5,28.0
Kings,California,2003,5,32.0
Kings,California,2009,5,28.0
Kings,California,2012,5,29.0
Kings,California,1988,4,39.0
Kings,California,1992,4,38.0
Kings,California,2005,4,30.0
Kings,California,2006,4,34.0
Kings,California,1984,3,43.0
Kings,California,1987,3,43.0
Kings,California,2000,3,38.0
Kings,California,2010,3,34.0
Kings,California,1989,2,40.0
Kings,California,1999,1,43.0
Kings,California,2001,1,41.0
Lake,California,1986,7,31.0
Lake,California,1991,7,32.0
Lake,California,2006,7,27.0
Lake,California,1984,6,33.0
Lake,California,1989,6,29.0
Lake,California,1992,6,31.0
Lake,California,1998,6,33.0
Lake,California,2014,6,29.0
Lake,California,1987,5,36.0
Lake,California,1990,5,36.0
Lake,California,1995,5,36.0
Lake,California,1997,5,31.0
Lake,California,2000,5,27.0
Lake,California,2002,5,28.0
Lake,California,2007,5,31.0
Lake,California,2008,5,31.0
Lake,California,2013,5,31.0
Lake,California,1981,4,37.0
Lake,California,1988,4,39.0
Lake,California,1993,4,35.0
Lake,California,1994,4,35.0
Lake,California,1999,4,30.0
Lake,California,2005,4,30.0
Lake,California,2009,4,32.0
Lake,California,2010,4,31.0
Lake,California,2012,4,33.0
Lake,California,1980,3,40.0
Lake,California,2011,3,36.0
Lake,California,1996,2,39.0
Lake,California,1983,1,47.0
Lake,California,1985,1,51.0
Lake,California,2001,1,41.0
Lake,California,2003,1,46.0
Lake,California,2004,1,44.0
Lassen,California,1983,4,39.0
Lassen,California,1990,4,40.0
Lassen,California,1995,4,39.0
Lassen,California,1999,4,30.0
Lassen,California,1984,3,43.0
Lassen,California,1986,3,41.0
Lassen,California,2005,3,37.0
Lassen,California,2014,3,38.0
Lassen,California,1987,2,45.0
Lassen,California,1988,2,46.0
Lassen,California,1993,2,41.0
Lassen,California,1994,2,40.0
Lassen,California,2009,2,39.0
Lassen,California,2013,2,41.0
Lassen,California,1980,1,51.0
Lassen,California,1981,1,46.0
Lassen,California,1982,1,50.0
Lassen,California,1985,1,51.0
Lassen,California,1989,1,44.0
Lassen,California,1992,1,47.0
Lassen,California,1998,1,43.0
Lassen,California,2004,1,44.0
Lassen,California,2006,1,45.0
Lassen,California,2008,1,42.0
Lassen,California,2010,1,42.0
Lassen,California,2011,1,48.0
Lassen,California,2012,1,42.0
Los Angeles,California,1993,2047,1.0
Los Angeles,California,1992,2046,1.0
Los Angeles,California,1991,1984,1.0
Los Angeles,California,1990,1900,1.0
Los Angeles,California,1980,1813,1.0
Los Angeles,California,1994,1780,1.0
Los Angeles,California,1995,1751,1.0
Los Angeles,California,1989,1695,1.0
Los Angeles,California,1987,1518,1.0
Los Angeles,California,1986,1513,1.0
Los Angeles,California,1982,1508,1.0
Los Angeles,California,1996,1475,1.0
Los Angeles,California,1983,1447,1.0
Los Angeles,California,1988,1424,1.0
Los Angeles,California,1985,1421,1.0
Los Angeles,California,1984,1391,1.0
Los Angeles,California,1981,1363,1.0
Los Angeles,California,1997,1235,1.0
Los Angeles,California,2002,1207,1.0
Los Angeles,California,2001,1117,1.0
Los Angeles,California,2003,1104,1.0
Los Angeles,California,2005,1099,1.0
Los Angeles,California,2004,1081,1.0
Los Angeles,California,2006,1054,1.0
Los Angeles,California,2000,1049,1.0
Los Angeles,California,1998,1009,1.0
Los Angeles,California,1999,934,1.0
Los Angeles,California,2007,904,1.0
Los Angeles,California,2008,806,1.0
Los Angeles,California,2009,748,1.0
Los Angeles,California,2010,659,1.0
Los Angeles,California,2012,637,1.0
Los Angeles,California,2011,628,1.0
Los Angeles,California,2013,592,1.0
Los Angeles,California,2014,572,1.0
Madera,California,1987,19,20.0
Madera,California,1989,16,21.0
Madera,California,1990,15,21.0
Madera,California,1994,15,22.0
Madera,California,1996,14,21.0
Madera,California,2013,14,21.0
Madera,California,1992,13,23.0
Madera,California,1995,13,22.0
Madera,California,2001,13,21.0
Madera,California,1980,12,25.0
Madera,California,1982,12,22.0
Madera,California,1998,12,21.0
Madera,California,2000,11,21.0
Madera,California,1993,10,26.0
Madera,California,2005,10,22.0
Madera,California,2008,10,23.0
Madera,California,2010,10,23.0
Madera,California,2014,9,26.0
Madera,California,1988,8,29.0
Madera,California,2003,8,28.0
Madera,California,1985,7,32.0
Madera,California,1997,7,27.0
Madera,California,2002,7,26.0
Madera,California,2004,7,24.0
Madera,California,1981,6,30.0
Madera,California,1984,6,33.0
Madera,California,1986,6,35.0
Madera,California,1991,6,35.0
Madera,California,1999,6,25.0
Madera,California,1983,5,34.0
Madera,California,2007,5,31.0
Madera,California,2011,5,30.0
Madera,California,2006,3,36.0
Madera,California,2009,3,34.0
Madera,California,2012,2,39.0
Marin,California,1980,16,22.0
Marin,California,1983,11,23.0
Marin,California,1991,11,25.0
Marin,California,1992,11,24.0
Marin,California,1985,10,26.0
Marin,California,1981,8,26.0
Marin,California,1987,7,33.0
Marin,California,1995,7,31.0
Marin,California,1986,6,35.0
Marin,California,1988,6,31.0
Marin,California,1989,6,29.0
Marin,California,1984,5,35.0
Marin,California,2000,5,27.0
Marin,California,2008,5,31.0
Marin,California,2014,5,33.0
Marin,California,1982,4,34.0
Marin,California,1990,4,40.0
Marin,California,1993,4,35.0
Marin,California,2001,4,35.0
Marin,California,2002,4,34.0
Marin,California,2009,4,32.0
Marin,California,2010,4,31.0
Marin,California,2004,3,35.0
Marin,California,2005,3,37.0
Marin,California,2006,3,36.0
Marin,California,1994,2,40.0
Marin,California,1996,2,39.0
Marin,California,1999,2,38.0
Marin,California,2007,2,40.0
Marin,California,2011,2,42.0
Marin,California,2013,2,41.0
Marin,California,1997,1,45.0
Marin,California,1998,1,43.0
Mariposa,California,1990,5,36.0
Mariposa,California,1988,4,39.0
Mariposa,California,1993,3,39.0
Mariposa,California,2012,3,35.0
Mariposa,California,1985,2,46.0
Mariposa,California,1997,2,41.0
Mariposa,California,1999,2,38.0
Mariposa,California,1980,1,51.0
Mariposa,California,1981,1,46.0
Mariposa,California,1982,1,50.0
Mariposa,California,1984,1,50.0
Mariposa,California,1987,1,50.0
Mariposa,California,1989,1,44.0
Mariposa,California,1995,1,46.0
Mariposa,California,1998,1,43.0
Mariposa,California,2002,1,44.0
Mariposa,California,2004,1,44.0
Mariposa,California,2006,1,45.0
Mariposa,California,2008,1,42.0
Mendocino,California,1986,10,27.0
Mendocino,California,2003,10,25.0
Mendocino,California,1984,9,26.0
Mendocino,California,1988,9,28.0
Mendocino,California,1990,9,32.0
Mendocino,California,1993,9,28.0
Mendocino,California,1980,8,32.0
Mendocino,California,1997,8,24.0
Mendocino,California,1999,8,23.0
Mendocino,California,1985,7,32.0
Mendocino,California,1989,7,27.0
Mendocino,California,1998,7,31.0
Mendocino,California,2007,7,26.0
Mendocino,California,2008,7,27.0
Mendocino,California,2011,7,27.0
Mendocino,California,1992,6,31.0
Mendocino,California,1994,6,32.0
Mendocino,California,2004,6,26.0
Mendocino,California,2006,6,29.0
Mendocino,California,2012,6,27.0
Mendocino,California,2014,6,29.0
Mendocino,California,1983,5,34.0
Mendocino,California,1987,5,36.0
Mendocino,California,1995,5,36.0
Mendocino,California,1996,5,31.0
Mendocino,California,2000,5,27.0
Mendocino,California,2002,5,28.0
Mendocino,California,2009,5,28.0
Mendocino,California,2010,5,28.0
Mendocino,California,1981,4,37.0
Mendocino,California,2001,4,35.0
Mendocino,California,2005,4,30.0
Mendocino,California,2013,4,36.0
Mendocino,California,1982,3,39.0
Mendocino,California,1991,2,44.0
Merced,California,2013,30,19.0
Merced,California,2014,30,17.0
Merced,California,2010,27,17.0
Merced,California,2009,26,18.0
Merced,California,2005,24,19.0
Merced,California,2006,24,17.0
Merced,California,2012,23,19.0
Merced,California,1993,22,21.0
Merced,California,2008,21,19.0
Merced,California,2003,19,20.0
Merced,California,1998,18,20.0
Merced,California,2002,18,18.0
Merced,California,1994,17,21.0
Merced,California,1997,17,19.0
Merced,California,2004,17,21.0
Merced,California,2007,17,19.0
Merced,California,1985,16,22.0
Merced,California,1990,15,21.0
Merced,California,1995,14,21.0
Merced,California,1999,14,21.0
Merced,California,2011,14,20.0
Merced,California,1986,12,26.0
Merced,California,1984,11,23.0
Merced,California,1992,11,24.0
Merced,California,1980,10,28.0
Merced,California,1981,10,25.0
Merced,California,1989,10,26.0
Merced,California,1991,10,27.0
Merced,California,1983,9,26.0
Merced,California,1987,8,29.0
Merced,California,1996,8,28.0
Merced,California,1988,7,30.0
Merced,California,2000,7,25.0
Merced,California,1982,5,32.0
Merced,California,2001,5,31.0
Modoc,California,2014,4,36.0
Modoc,California,1980,2,46.0
Modoc,California,1982,2,45.0
Modoc,California,1986,2,45.0
Modoc,California,1992,2,43.0
Modoc,California,2013,2,41.0
Modoc,California,1984,1,50.0
Modoc,California,1985,1,51.0
Modoc,California,1987,1,50.0
Modoc,California,1988,1,50.0
Modoc,California,1989,1,44.0
Modoc,California,1990,1,47.0
Modoc,California,1994,1,48.0
Modoc,California,2001,1,41.0
Modoc,California,2007,1,45.0
Modoc,California,2010,1,42.0
Modoc,California,2012,1,42.0
Mono,California,1980,2,46.0
Mono,California,1993,1,49.0
Mono,California,1995,1,46.0
Mono,California,1996,1,44.0
Mono,California,2000,1,46.0
Mono,California,2003,1,46.0
Monterey,California,2009,53,12.0
Monterey,California,2012,47,14.0
Monterey,California,2013,47,13.0
Monterey,California,2010,44,13.0
Monterey,California,1994,40,16.0
Monterey,California,2014,40,14.0
Monterey,California,1993,38,15.0
Monterey,California,2004,37,15.0
Monterey,California,1992,36,17.0
Monterey,California,2008,36,14.0
Monterey,California,2011,35,15.0
Monterey,California,1997,34,14.0
Monterey,California,1982,31,17.0
Monterey,California,1999,30,14.0
Monterey,California,2007,30,16.0
Monterey,California,1990,29,15.0
Monterey,California,1995,29,19.0
Monterey,California,1998,29,15.0
Monterey,California,2000,28,14.0
Monterey,California,2002,28,15.0
Monterey,California,1980,27,18.0
Monterey,California,1985,27,15.0
Monterey,California,2001,27,16.0
Monterey,California,2003,27,17.0
Monterey,California,1981,26,16.0
Monterey,California,1986,26,16.0
Monterey,California,1989,26,16.0
Monterey,California,1991,26,18.0
Monterey,California,1996,26,16.0
Monterey,California,1984,23,17.0
Monterey,California,1987,17,21.0
Monterey,California,2006,17,19.0
Monterey,California,2005,15,20.0
Monterey,California,1983,14,20.0
Monterey,California,1988,12,21.0
Napa,California,1980,6,36.0
Napa,California,1986,6,35.0
Napa,California,1988,6,31.0
Napa,California,1992,6,31.0
Napa,California,2007,6,28.0
Napa,California,1984,5,35.0
Napa,California,1989,5,34.0
Napa,California,1990,5,36.0
Napa,California,1991,5,38.0
Napa,California,2014,5,33.0
Napa,California,1983,4,39.0
Napa,California,1985,4,41.0
Napa,California,1993,4,35.0
Napa,California,1997,4,36.0
Napa,California,1999,4,30.0
Napa,California,1981,3,41.0
Napa,California,1982,3,39.0
Napa,California,2000,3,38.0
Napa,California,2004,3,35.0
Napa,California,2011,3,36.0
Napa,California,1987,2,45.0
Napa,California,1994,2,40.0
Napa,California,1995,2,42.0
Napa,California,2002,2,39.0
Napa,California,2003,2,38.0
Napa,California,2005,2,42.0
Napa,California,2006,2,40.0
Napa,California,2010,2,38.0
Napa,California,2012,2,39.0
Napa,California,2013,2,41.0
Napa,California,1998,1,43.0
Napa,California,2001,1,41.0
Napa,California,2008,1,42.0
Napa,California,2009,1,42.0
Nevada,California,1984,8,29.0
Nevada,California,1993,7,31.0
Nevada,California,1981,6,30.0
Nevada,California,1985,6,35.0
Nevada,California,1986,6,35.0
Nevada,California,1999,6,25.0
Nevada,California,2001,6,27.0
Nevada,California,1998,5,35.0
Nevada,California,1982,4,34.0
Nevada,California,1987,4,39.0
Nevada,California,2002,4,34.0
Nevada,California,2013,4,36.0
Nevada,California,1980,3,40.0
Nevada,California,1996,3,35.0
Nevada,California,2014,3,38.0
Nevada,California,1983,2,43.0
Nevada,California,1988,2,46.0
Nevada,California,1989,2,40.0
Nevada,California,1991,2,44.0
Nevada,California,1992,2,43.0
Nevada,California,1994,2,40.0
Nevada,California,2003,2,38.0
Nevada,California,2005,2,42.0
Nevada,California,2006,2,40.0
Nevada,California,2007,2,40.0
Nevada,California,2010,2,38.0
Nevada,California,2011,2,42.0
Nevada,California,1995,1,46.0
Nevada,California,2000,1,46.0
Nevada,California,2004,1,44.0
Nevada,California,2008,1,42.0
Nevada,California,2009,1,42.0
Nevada,California,2012,1,42.0
Orange,California,1993,210,5.0
Orange,California,1994,187,5.0
Orange,California,1992,183,5.0
Orange,California,1995,177,5.0
Orange,California,1990,166,5.0
Orange,California,1991,164,6.0
Orange,California,1989,160,5.0
Orange,California,1988,129,5.0
Orange,California,1985,126,4.0
Orange,California,1996,124,5.0
Orange,California,1980,119,6.0
Orange,California,1986,118,6.0
Orange,California,1983,110,5.0
Orange,California,1997,109,6.0
Orange,California,1984,108,4.0
Orange,California,1998,100,6.0
Orange,California,1999,99,4.0
Orange,California,1987,98,8.0
Orange,California,1981,96,6.0
Orange,California,2004,93,7.0
Orange,California,1982,92,6.0
Orange,California,2006,86,9.0
Orange,California,2007,86,9.0
Orange,California,2002,84,7.0
Orange,California,2005,84,8.0
Orange,California,2009,81,8.0
Orange,California,2011,81,8.0
Orange,California,2003,75,8.0
Orange,California,2001,73,7.0
Orange,California,2010,73,8.0
Orange,California,2008,72,9.0
Orange,California,2014,70,9.0
Orange,California,2000,61,8.0
Orange,California,2012,59,12.0
Orange,California,2013,59,9.0
Placer,California,1987,13,25.0
Placer,California,1988,11,22.0
Placer,California,1990,11,26.0
Placer,California,1984,10,24.0
Placer,California,2003,10,25.0
Placer,California,1980,9,30.0
Placer,California,1993,9,28.0
Placer,California,1998,9,25.0
Placer,California,1981,8,26.0
Placer,California,1985,8,29.0
Placer,California,1986,8,30.0
Placer,California,1994,8,28.0
Placer,California,1983,7,29.0
Placer,California,1995,7,31.0
Placer,California,2007,7,26.0
Placer,California,2009,7,27.0
Placer,California,2011,7,27.0
Placer,California,1991,6,35.0
Placer,California,2006,6,29.0
Placer,California,1996,5,31.0
Placer,California,2000,5,27.0
Placer,California,2004,5,29.0
Placer,California,2005,5,27.0
Placer,California,1997,4,36.0
Placer,California,1992,3,41.0
Placer,California,2001,3,37.0
Placer,California,2008,3,37.0
Placer,California,2012,3,35.0
Placer,California,2013,3,39.0
Placer,California,1989,2,40.0
Placer,California,2010,2,38.0
Placer,California,2014,2,44.0
Placer,California,1982,1,50.0
Placer,California,1999,1,43.0
Plumas,California,1991,6,35.0
Plumas,California,1981,4,37.0
Plumas,California,1982,4,34.0
Plumas,California,1980,3,40.0
Plumas,California,1996,3,35.0
Plumas,California,2008,3,37.0
Plumas,California,1990,2,46.0
Plumas,California,1993,2,41.0
Plumas,California,1995,2,42.0
Plumas,California,2003,2,38.0
Plumas,California,2004,2,40.0
Plumas,California,2007,2,40.0
Plumas,California,1984,1,50.0
Plumas,California,1986,1,48.0
Plumas,California,1988,1,50.0
Plumas,California,1992,1,47.0
Plumas,California,1997,1,45.0
Plumas,California,1998,1,43.0
Plumas,California,1999,1,43.0
Plumas,California,2000,1,46.0
Plumas,California,2001,1,41.0
Plumas,California,2009,1,42.0
Plumas,California,2011,1,48.0
Plumas,California,2013,1,48.0
Plumas,California,2014,1,47.0
Riverside,California,1994,181,6.0
Riverside,California,1991,166,5.0
Riverside,California,1993,166,6.0
Riverside,California,1995,144,6.0
Riverside,California,1990,143,6.0
Riverside,California,1992,142,6.0
Riverside,California,2006,129,5.0
Riverside,California,2005,128,4.0
Riverside,California,1997,124,5.0
Riverside,California,1989,122,6.0
Riverside,California,1996,119,6.0
Riverside,California,2002,119,4.0
Riverside,California,1998,116,4.0
Riverside,California,2007,114,5.0
Riverside,California,2013,113,4.0
Riverside,California,2003,107,5.0
Riverside,California,2004,107,5.0
Riverside,California,2014,106,4.0
Riverside,California,1984,100,6.0
Riverside,California,1987,100,7.0
Riverside,California,2001,99,5.0
Riverside,California,2009,99,4.0
Riverside,California,2010,98,4.0
Riverside,California,1999,96,6.0
Riverside,California,1980,95,9.0
Riverside,California,2012,95,6.0
Riverside,California,2011,94,4.0
Riverside,California,1986,93,9.0
Riverside,California,2000,90,5.0
Riverside,California,2008,90,6.0
Riverside,California,1985,87,9.0
Riverside,California,1988,87,8.0
Riverside,California,1981,78,9.0
Riverside,California,1983,78,8.0
Riverside,California,1982,68,11.0
Sacramento,California,1993,163,7.0
Sacramento,California,1994,137,7.0
Sacramento,California,1991,136,7.0
Sacramento,California,1987,127,5.0
Sacramento,California,1988,118,6.0
Sacramento,California,1995,117,7.0
Sacramento,California,1986,115,7.0
Sacramento,California,2005,114,5.0
Sacramento,California,2006,110,6.0
Sacramento,California,1992,105,9.0
Sacramento,California,2004,103,6.0
Sacramento,California,1996,102,7.0
Sacramento,California,1997,97,7.0
Sacramento,California,2008,97,5.0
Sacramento,California,2012,96,5.0
Sacramento,California,1990,93,9.0
Sacramento,California,2007,92,8.0
Sacramento,California,2002,87,6.0
Sacramento,California,2003,87,6.0
Sacramento,California,2014,87,5.0
Sacramento,California,1982,86,7.0
Sacramento,California,1984,85,7.0
Sacramento,California,2001,85,6.0
Sacramento,California,2013,85,6.0
Sacramento,California,1989,84,7.0
Sacramento,California,2010,84,5.0
Sacramento,California,2011,84,7.0
Sacramento,California,1999,83,7.0
Sacramento,California,2000,83,6.0
Sacramento,California,1981,82,8.0
Sacramento,California,1980,81,11.0
Sacramento,California,1998,81,7.0
Sacramento,California,1983,80,7.0
Sacramento,California,2009,77,10.0
Sacramento,California,1985,73,10.0
San Benito,California,2001,6,27.0
San Benito,California,2011,6,29.0
San Benito,California,1988,5,35.0
San Benito,California,2007,5,31.0
San Benito,California,2013,5,31.0
San Benito,California,1984,4,39.0
San Benito,California,2014,4,36.0
San Benito,California,1980,3,40.0
San Benito,California,1982,3,39.0
San Benito,California,2000,3,38.0
San Benito,California,2008,3,37.0
San Benito,California,1983,2,43.0
San Benito,California,1986,2,45.0
San Benito,California,1994,2,40.0
San Benito,California,1995,2,42.0
San Benito,California,1998,2,41.0
San Benito,California,2003,2,38.0
San Benito,California,2006,2,40.0
San Benito,California,1981,1,46.0
San Benito,California,1985,1,51.0
San Benito,California,1987,1,50.0
San Benito,California,1989,1,44.0
San Benito,California,1990,1,47.0
San Benito,California,1991,1,48.0
San Benito,California,1997,1,45.0
San Benito,California,1999,1,43.0
San Benito,California,2002,1,44.0
San Benito,California,2005,1,45.0
San Benito,California,2010,1,42.0
San Benito,California,2012,1,42.0
San Bernardino,California,1993,270,2.0
San Bernardino,California,1994,264,2.0
San Bernardino,California,1992,248,3.0
San Bernardino,California,1995,237,2.0
San Bernardino,California,1991,230,3.0
San Bernardino,California,1990,215,3.0
San Bernardino,California,1996,199,2.0
San Bernardino,California,1989,188,4.0
San Bernardino,California,2005,188,2.0
San Bernardino,California,2007,187,2.0
San Bernardino,California,2003,183,2.0
San Bernardino,California,2004,178,2.0
San Bernardino,California,2006,178,2.0
San Bernardino,California,1998,160,2.0
San Bernardino,California,1997,159,2.0
San Bernardino,California,2002,157,2.0
San Bernardino,California,2000,154,2.0
San Bernardino,California,1987,153,4.0
San Bernardino,California,1980,151,4.0
San Bernardino,California,1981,150,3.0
San Bernardino,California,1988,148,4.0
San Bernardino,California,1986,145,4.0
San Bernardino,California,2001,137,2.0
San Bernardino,California,2013,136,2.0
San Bernardino,California,1983,135,4.0
San Bernardino,California,2009,133,3.0
San Bernardino,California,2014,125,2.0
San Bernardino,California,2008,119,3.0
San Bernardino,California,1985,118,5.0
San Bernardino,California,2010,118,3.0
San Bernardino,California,1999,117,2.0
San Bernardino,California,2012,112,4.0
San Bernardino,California,2011,111,3.0
San Bernardino,California,1984,108,4.0
San Bernardino,California,1982,106,5.0
San Diego,California,1991,293,2.0
San Diego,California,1992,269,2.0
San Diego,California,1993,266,3.0
San Diego,California,1988,251,2.0
San Diego,California,1990,246,2.0
San Diego,California,1994,224,3.0
San Diego,California,1989,218,2.0
San Diego,California,1986,216,2.0
San Diego,California,1995,213,4.0
San Diego,California,1987,200,2.0
San Diego,California,1985,175,2.0
San Diego,California,1980,174,3.0
San Diego,California,1996,174,3.0
San Diego,California,1984,172,2.0
San Diego,California,1983,144,2.0
San Diego,California,1981,143,4.0
San Diego,California,2003,143,4.0
San Diego,California,1997,138,4.0
San Diego,California,2006,138,4.0
San Diego,California,2004,137,3.0
San Diego,California,1982,134,3.0
San Diego,California,2007,120,4.0
San Diego,California,1999,115,3.0
San Diego,California,2012,114,3.0
San Diego,California,2000,111,4.0
San Diego,California,2005,109,6.0
San Diego,California,2001,106,4.0
San Diego,California,1998,104,5.0
San Diego,California,2002,98,5.0
San Diego,California,2008,90,6.0
San Diego,California,2009,90,6.0
San Diego,California,2011,88,6.0
San Diego,California,2013,86,5.0
San Diego,California,2014,82,6.0
San Diego,California,2010,75,7.0
San Francisco,California,1993,134,9.0
San Francisco,California,1980,125,5.0
San Francisco,California,1992,121,8.0
San Francisco,California,1986,119,5.0
San Francisco,California,1981,115,5.0
San Francisco,California,1982,115,4.0
San Francisco,California,1990,110,7.0
San Francisco,California,1987,106,6.0
San Francisco,California,1995,104,9.0
San Francisco,California,1991,103,9.0
San Francisco,California,2007,101,7.0
San Francisco,California,2008,99,4.0
San Francisco,California,1994,98,10.0
San Francisco,California,2005,96,7.0
San Francisco,California,1988,95,7.0
San Francisco,California,2004,92,8.0
San Francisco,California,2006,90,8.0
San Francisco,California,1985,88,8.0
San Francisco,California,1983,86,6.0
San Francisco,California,1996,84,9.0
San Francisco,California,1989,77,9.0
San Francisco,California,1984,76,9.0
San Francisco,California,2002,73,8.0
San Francisco,California,2012,72,9.0
San Francisco,California,2003,70,9.0
San Francisco,California,1999,67,8.0
San Francisco,California,2001,67,8.0
San Francisco,California,1997,64,11.0
San Francisco,California,1998,63,8.0
San Francisco,California,2000,60,9.0
San Francisco,California,2013,54,11.0
San Francisco,California,2011,50,13.0
San Francisco,California,2010,48,12.0
San Francisco,California,2009,47,14.0
San Francisco,California,2014,47,12.0
San Joaquin,California,2012,92,7.0
San Joaquin,California,2011,91,5.0
San Joaquin,California,1990,87,10.0
San Joaquin,California,1997,77,9.0
San Joaquin,California,1982,76,8.0
San Joaquin,California,1992,75,11.0
San Joaquin,California,1993,73,12.0
San Joaquin,California,2014,71,7.0
San Joaquin,California,1991,70,12.0
San Joaquin,California,1994,70,12.0
San Joaquin,California,1988,68,13.0
San Joaquin,California,1996,67,11.0
San Joaquin,California,1995,66,12.0
San Joaquin,California,2010,66,11.0
San Joaquin,California,1986,65,10.0
San Joaquin,California,1989,65,12.0
San Joaquin,California,2003,65,11.0
San Joaquin,California,1980,64,12.0
San Joaquin,California,2002,63,10.0
San Joaquin,California,1981,61,12.0
San Joaquin,California,2005,61,12.0
San Joaquin,California,2006,61,12.0
San Joaquin,California,2009,61,11.0
San Joaquin,California,2004,57,11.0
San Joaquin,California,1985,55,13.0
San Joaquin,California,1987,54,12.0
San Joaquin,California,1984,53,12.0
San Joaquin,California,2001,52,11.0
San Joaquin,California,2013,52,12.0
San Joaquin,California,2007,51,12.0
San Joaquin,California,1998,45,13.0
San Joaquin,California,2000,43,10.0
San Joaquin,California,1983,42,13.0
San Joaquin,California,1999,42,13.0
San Joaquin,California,2008,35,15.0
San Luis Obispo,California,1980,16,22.0
San Luis Obispo,California,1986,15,22.0
San Luis Obispo,California,1990,11,26.0
San Luis Obispo,California,1994,11,24.0
San Luis Obispo,California,1983,10,24.0
San Luis Obispo,California,1984,10,24.0
San Luis Obispo,California,1992,10,26.0
San Luis Obispo,California,1982,9,27.0
San Luis Obispo,California,1985,9,27.0
San Luis Obispo,California,1995,9,26.0
San Luis Obispo,California,1987,8,29.0
San Luis Obispo,California,1998,8,26.0
San Luis Obispo,California,2003,8,28.0
San Luis Obispo,California,2001,7,25.0
San Luis Obispo,California,2006,7,27.0
San Luis Obispo,California,1989,6,29.0
San Luis Obispo,California,2010,6,26.0
San Luis Obispo,California,2012,6,27.0
San Luis Obispo,California,1981,5,35.0
San Luis Obispo,California,1996,5,31.0
San Luis Obispo,California,1997,5,31.0
San Luis Obispo,California,2002,5,28.0
San Luis Obispo,California,2007,5,31.0
San Luis Obispo,California,2009,5,28.0
San Luis Obispo,California,2011,5,30.0
San Luis Obispo,California,2013,5,31.0
San Luis Obispo,California,1991,4,40.0
San Luis Obispo,California,1999,4,30.0
San Luis Obispo,California,2005,4,30.0
San Luis Obispo,California,2008,4,33.0
San Luis Obispo,California,1988,3,43.0
San Luis Obispo,California,2000,3,38.0
San Luis Obispo,California,2014,3,38.0
San Luis Obispo,California,2004,2,40.0
San Mateo,California,1992,56,13.0
San Mateo,California,1991,48,14.0
San Mateo,California,1986,44,14.0
San Mateo,California,1990,41,14.0
San Mateo,California,1982,40,14.0
San Mateo,California,1995,38,15.0
San Mateo,California,1980,37,15.0
San Mateo,California,1993,36,16.0
San Mateo,California,1989,35,14.0
San Mateo,California,1983,34,14.0
San Mateo,California,2005,33,16.0
San Mateo,California,1987,32,16.0
San Mateo,California,1988,31,15.0
San Mateo,California,1984,30,15.0
San Mateo,California,1985,29,14.0
San Mateo,California,1994,29,18.0
San Mateo,California,1981,28,15.0
San Mateo,California,1997,28,17.0
San Mateo,California,2004,28,18.0
San Mateo,California,2002,26,16.0
San Mateo,California,1998,23,17.0
San Mateo,California,2006,23,18.0
San Mateo,California,2003,21,19.0
San Mateo,California,2010,21,19.0
San Mateo,California,2001,19,18.0
San Mateo,California,1999,18,18.0
San Mateo,California,2008,18,20.0
San Mateo,California,2009,17,20.0
San Mateo,California,2011,17,18.0
San Mateo,California,2007,15,20.0
San Mateo,California,2014,13,21.0
San Mateo,California,2000,12,20.0
San Mateo,California,2013,12,22.0
San Mateo,California,1996,11,24.0
San Mateo,California,2012,10,21.0
Santa Barbara,California,1988,24,18.0
Santa Barbara,California,2014,22,19.0
Santa Barbara,California,1980,19,19.0
Santa Barbara,California,1981,19,20.0
Santa Barbara,California,1985,19,18.0
Santa Barbara,California,1991,19,21.0
Santa Barbara,California,1983,17,17.0
Santa Barbara,California,1984,17,20.0
Santa Barbara,California,1992,16,20.0
Santa Barbara,California,1982,15,21.0
Santa Barbara,California,1996,15,20.0
Santa Barbara,California,2006,14,22.0
Santa Barbara,California,2008,14,21.0
Santa Barbara,California,1986,13,24.0
Santa Barbara,California,1987,13,25.0
Santa Barbara,California,2001,13,21.0
Santa Barbara,California,1993,12,24.0
Santa Barbara,California,1990,11,26.0
Santa Barbara,California,1994,11,24.0
Santa Barbara,California,1995,11,23.0
Santa Barbara,California,1998,11,23.0
Santa Barbara,California,2000,11,21.0
Santa Barbara,California,2007,11,22.0
Santa Barbara,California,2009,11,21.0
Santa Barbara,California,2010,11,22.0
Santa Barbara,California,1997,10,22.0
Santa Barbara,California,2005,10,22.0
Santa Barbara,California,2011,10,23.0
Santa Barbara,California,2002,8,23.0
Santa Barbara,California,2004,8,22.0
Santa Barbara,California,2012,8,24.0
Santa Barbara,California,1989,7,27.0
Santa Barbara,California,2013,6,27.0
Santa Barbara,California,1999,5,28.0
Santa Barbara,California,2003,4,34.0
Santa Clara,California,1980,105,8.0
Santa Clara,California,1981,93,7.0
Santa Clara,California,1985,92,6.0
Santa Clara,California,1991,83,11.0
Santa Clara,California,1984,79,8.0
Santa Clara,California,1983,78,8.0
Santa Clara,California,1988,72,10.0
Santa Clara,California,1992,72,12.0
Santa Clara,California,1982,70,10.0
Santa Clara,California,1993,68,13.0
Santa Clara,California,1989,66,11.0
Santa Clara,California,1986,65,10.0
Santa Clara,California,1997,63,13.0
Santa Clara,California,1990,61,13.0
Santa Clara,California,1994,61,13.0
Santa Clara,California,2011,60,10.0
Santa Clara,California,2012,59,12.0
Santa Clara,California,2013,59,9.0
Santa Clara,California,1995,58,13.0
Santa Clara,California,1987,52,13.0
Santa Clara,California,1996,52,13.0
Santa Clara,California,2003,50,12.0
Santa Clara,California,2005,50,14.0
Santa Clara,California,2008,50,12.0
Santa Clara,California,1998,49,12.0
Santa Clara,California,2009,47,14.0
Santa Clara,California,2007,46,13.0
Santa Clara,California,1999,44,12.0
Santa Clara,California,2004,43,14.0
Santa Clara,California,2014,42,13.0
Santa Clara,California,2001,41,13.0
Santa Clara,California,2002,41,13.0
Santa Clara,California,2006,40,14.0
Santa Clara,California,2000,38,13.0
Santa Clara,California,2010,27,17.0
Santa Cruz,California,1985,18,20.0
Santa Cruz,California,1986,18,21.0
Santa Cruz,California,1991,16,22.0
Santa Cruz,California,2001,16,19.0
Santa Cruz,California,2006,16,20.0
Santa Cruz,California,1983,15,19.0
Santa Cruz,California,1987,15,23.0
Santa Cruz,California,1981,14,21.0
Santa Cruz,California,1984,14,22.0
Santa Cruz,California,2010,14,21.0
Santa Cruz,California,2003,13,21.0
Santa Cruz,California,1989,12,24.0
Santa Cruz,California,2013,12,22.0
Santa Cruz,California,1980,11,26.0
Santa Cruz,California,1988,11,22.0
Santa Cruz,California,1990,11,26.0
Santa Cruz,California,2011,11,21.0
Santa Cruz,California,1996,10,25.0
Santa Cruz,California,1998,10,24.0
Santa Cruz,California,2009,10,23.0
Santa Cruz,California,2012,10,21.0
Santa Cruz,California,2014,10,25.0
Santa Cruz,California,1993,9,28.0
Santa Cruz,California,1982,8,29.0
Santa Cruz,California,1995,8,29.0
Santa Cruz,California,2000,8,23.0
Santa Cruz,California,2002,8,23.0
Santa Cruz,California,2008,8,24.0
Santa Cruz,California,1992,6,31.0
Santa Cruz,California,1994,6,32.0
Santa Cruz,California,2004,6,26.0
Santa Cruz,California,2005,6,26.0
Santa Cruz,California,2007,6,28.0
Santa Cruz,California,1997,5,31.0
Santa Cruz,California,1999,4,30.0
Shasta,California,1999,16,19.0
Shasta,California,1987,14,24.0
Shasta,California,1986,13,24.0
Shasta,California,1993,13,23.0
Shasta,California,1994,12,23.0
Shasta,California,2013,12,22.0
Shasta,California,1981,11,22.0
Shasta,California,1985,11,25.0
Shasta,California,1988,11,22.0
Shasta,California,1991,11,25.0
Shasta,California,2007,11,22.0
Shasta,California,2014,11,24.0
Shasta,California,1983,9,26.0
Shasta,California,1992,9,27.0
Shasta,California,1996,9,27.0
Shasta,California,2006,9,25.0
Shasta,California,2012,9,23.0
Shasta,California,1995,8,29.0
Shasta,California,1997,8,24.0
Shasta,California,1998,8,26.0
Shasta,California,2003,8,28.0
Shasta,California,2011,8,25.0
Shasta,California,1984,7,30.0
Shasta,California,1980,6,36.0
Shasta,California,1990,6,34.0
Shasta,California,2001,6,27.0
Shasta,California,2002,6,27.0
Shasta,California,1982,5,32.0
Shasta,California,2004,5,29.0
Shasta,California,2009,5,28.0
Shasta,California,1989,4,35.0
Shasta,California,2000,4,33.0
Shasta,California,2005,4,30.0
Shasta,California,2008,4,33.0
Shasta,California,2010,4,31.0
Sierra,California,1985,4,41.0
Sierra,California,1984,2,49.0
Sierra,California,1987,2,45.0
Sierra,California,1981,1,46.0
Sierra,California,1982,1,50.0
Sierra,California,1988,1,50.0
Sierra,California,1989,1,44.0
Sierra,California,1993,1,49.0
Sierra,California,1995,1,46.0
Sierra,California,1999,1,43.0
Sierra,California,2003,1,46.0
Siskiyou,California,1987,8,29.0
Siskiyou,California,1982,7,30.0
Siskiyou,California,1986,7,31.0
Siskiyou,California,1983,6,33.0
Siskiyou,California,1995,6,33.0
Siskiyou,California,1992,5,35.0
Siskiyou,California,2005,5,27.0
Siskiyou,California,2012,5,29.0
Siskiyou,California,2002,4,34.0
Siskiyou,California,1984,3,43.0
Siskiyou,California,1985,3,43.0
Siskiyou,California,1988,3,43.0
Siskiyou,California,1990,3,43.0
Siskiyou,California,1991,3,42.0
Siskiyou,California,1998,3,39.0
Siskiyou,California,2007,3,39.0
Siskiyou,California,1993,2,41.0
Siskiyou,California,1996,2,39.0
Siskiyou,California,2003,2,38.0
Siskiyou,California,2011,2,42.0
Siskiyou,California,2013,2,41.0
Siskiyou,California,2014,2,44.0
Siskiyou,California,1980,1,51.0
Siskiyou,California,1981,1,46.0
Siskiyou,California,1989,1,44.0
Siskiyou,California,2000,1,46.0
Siskiyou,California,2001,1,41.0
Siskiyou,California,2004,1,44.0
Siskiyou,California,2008,1,42.0
Siskiyou,California,2009,1,42.0
Siskiyou,California,2010,1,42.0
Solano,California,1994,47,14.0
Solano,California,2010,38,15.0
Solano,California,2012,36,16.0
Solano,California,2013,36,17.0
Solano,California,1991,35,17.0
Solano,California,2007,34,15.0
Solano,California,1987,33,15.0
Solano,California,1995,31,17.0
Solano,California,2005,31,18.0
Solano,California,2011,31,17.0
Solano,California,1992,30,19.0
Solano,California,2014,28,18.0
Solano,California,1993,27,19.0
Solano,California,2003,26,18.0
Solano,California,1988,25,17.0
Solano,California,1989,25,17.0
Solano,California,1996,24,17.0
Solano,California,2008,24,18.0
Solano,California,2000,23,16.0
Solano,California,2004,23,19.0
Solano,California,1986,22,20.0
Solano,California,1984,20,18.0
Solano,California,2009,20,19.0
Solano,California,1982,19,20.0
Solano,California,1998,19,19.0
Solano,California,1980,17,21.0
Solano,California,1990,17,20.0
Solano,California,2002,17,20.0
Solano,California,1999,16,19.0
Solano,California,1997,15,21.0
Solano,California,2006,15,21.0
Solano,California,2001,14,20.0
Solano,California,1985,13,24.0
Solano,California,1983,12,22.0
Solano,California,1981,11,22.0
Sonoma,California,1986,25,17.0
Sonoma,California,1993,24,20.0
Sonoma,California,1989,22,20.0
Sonoma,California,1981,20,19.0
Sonoma,California,1987,20,18.0
Sonoma,California,1988,20,19.0
Sonoma,California,1991,20,20.0
Sonoma,California,1984,19,19.0
Sonoma,California,1990,19,19.0
Sonoma,California,1994,19,20.0
Sonoma,California,1996,19,19.0
Sonoma,California,2004,19,20.0
Sonoma,California,1995,18,20.0
Sonoma,California,1997,17,19.0
Sonoma,California,1980,16,22.0
Sonoma,California,2002,16,21.0
Sonoma,California,1985,15,23.0
Sonoma,California,1983,14,20.0
Sonoma,California,2000,14,19.0
Sonoma,California,2003,13,21.0
Sonoma,California,2006,13,24.0
Sonoma,California,1998,12,21.0
Sonoma,California,2001,12,23.0
Sonoma,California,2007,12,21.0
Sonoma,California,2008,12,22.0
Sonoma,California,1982,11,24.0
Sonoma,California,2011,11,21.0
Sonoma,California,2009,9,24.0
Sonoma,California,2013,9,25.0
Sonoma,California,1999,8,23.0
Sonoma,California,2005,8,24.0
Sonoma,California,1992,7,29.0
Sonoma,California,2014,7,27.0
Sonoma,California,2010,6,26.0
Sonoma,California,2012,5,29.0
Stanislaus,California,2009,48,13.0
Stanislaus,California,2004,47,13.0
Stanislaus,California,2012,44,15.0
Stanislaus,California,1992,40,15.0
Stanislaus,California,1995,37,16.0
Stanislaus,California,2001,37,14.0
Stanislaus,California,2011,34,16.0
Stanislaus,California,2013,34,18.0
Stanislaus,California,2014,34,16.0
Stanislaus,California,2005,33,16.0
Stanislaus,California,1997,32,16.0
Stanislaus,California,2010,32,16.0
Stanislaus,California,1980,31,17.0
Stanislaus,California,1993,31,17.0
Stanislaus,California,1996,31,15.0
Stanislaus,California,2003,31,16.0
Stanislaus,California,2008,31,16.0
Stanislaus,California,2006,30,16.0
Stanislaus,California,1994,29,18.0
Stanislaus,California,1990,28,16.0
Stanislaus,California,1998,28,16.0
Stanislaus,California,2007,28,17.0
Stanislaus,California,1991,26,18.0
Stanislaus,California,1999,26,15.0
Stanislaus,California,1986,23,19.0
Stanislaus,California,1989,23,18.0
Stanislaus,California,1981,22,18.0
Stanislaus,California,1982,21,19.0
Stanislaus,California,1987,21,17.0
Stanislaus,California,1985,18,20.0
Stanislaus,California,1988,18,20.0
Stanislaus,California,2000,18,17.0
Stanislaus,California,2002,18,18.0
Stanislaus,California,1983,16,18.0
Stanislaus,California,1984,16,21.0
Sutter,California,1991,8,31.0
Sutter,California,2002,8,23.0
Sutter,California,1980,7,33.0
Sutter,California,1981,7,28.0
Sutter,California,1987,7,33.0
Sutter,California,2012,7,25.0
Sutter,California,1982,6,31.0
Sutter,California,1989,6,29.0
Sutter,California,1990,6,34.0
Sutter,California,1996,6,30.0
Sutter,California,1985,5,36.0
Sutter,California,1988,5,35.0
Sutter,California,1997,5,31.0
Sutter,California,1999,5,28.0
Sutter,California,2001,5,31.0
Sutter,California,2006,5,33.0
Sutter,California,2010,5,28.0
Sutter,California,2014,5,33.0
Sutter,California,1992,4,38.0
Sutter,California,2007,4,37.0
Sutter,California,2008,4,33.0
Sutter,California,2011,4,33.0
Sutter,California,2013,4,36.0
Sutter,California,1983,3,42.0
Sutter,California,1986,3,41.0
Sutter,California,1994,3,37.0
Sutter,California,2003,3,36.0
Sutter,California,2004,3,35.0
Sutter,California,2005,3,37.0
Sutter,California,1993,2,41.0
Sutter,California,1995,2,42.0
Sutter,California,2000,2,43.0
Sutter,California,2009,2,39.0
Sutter,California,1984,1,50.0
Sutter,California,1998,1,43.0
Tehama,California,1995,6,33.0
Tehama,California,2006,6,29.0
Tehama,California,2014,6,29.0
Tehama,California,1980,5,38.0
Tehama,California,1984,5,35.0
Tehama,California,1985,5,36.0
Tehama,California,1998,5,35.0
Tehama,California,2000,5,27.0
Tehama,California,2013,5,31.0
Tehama,California,1983,4,39.0
Tehama,California,1988,4,39.0
Tehama,California,2004,4,33.0
Tehama,California,1981,3,41.0
Tehama,California,1982,3,39.0
Tehama,California,1987,3,43.0
Tehama,California,1990,3,43.0
Tehama,California,1996,3,35.0
Tehama,California,2001,3,37.0
Tehama,California,2005,3,37.0
Tehama,California,2009,3,34.0
Tehama,California,2012,3,35.0
Tehama,California,1989,2,40.0
Tehama,California,1991,2,44.0
Tehama,California,1992,2,43.0
Tehama,California,1994,2,40.0
Tehama,California,2002,2,39.0
Tehama,California,2011,2,42.0
Tehama,California,1993,1,49.0
Tehama,California,1997,1,45.0
Tehama,California,1999,1,43.0
Tehama,California,2003,1,46.0
Tehama,California,2007,1,45.0
Tehama,California,2010,1,42.0
Trinity,California,1997,4,36.0
Trinity,California,2012,4,33.0
Trinity,California,1982,3,39.0
Trinity,California,1984,3,43.0
Trinity,California,2011,3,36.0
Trinity,California,2014,3,38.0
Trinity,California,1985,2,46.0
Trinity,California,1988,2,46.0
Trinity,California,1993,2,41.0
Trinity,California,1994,2,40.0
Trinity,California,2000,2,43.0
Trinity,California,2013,2,41.0
Trinity,California,1981,1,46.0
Trinity,California,1983,1,47.0
Trinity,California,1987,1,50.0
Trinity,California,1991,1,48.0
Trinity,California,1995,1,46.0
Trinity,California,1996,1,44.0
Trinity,California,1999,1,43.0
Trinity,California,2003,1,46.0
Trinity,California,2004,1,44.0
Trinity,California,2005,1,45.0
Trinity,California,2007,1,45.0
Trinity,California,2010,1,42.0
Tulare,California,2005,58,13.0
Tulare,California,2006,50,13.0
Tulare,California,1994,47,14.0
Tulare,California,2008,43,13.0
Tulare,California,2013,43,15.0
Tulare,California,1995,41,14.0
Tulare,California,2010,40,14.0
Tulare,California,2007,39,14.0
Tulare,California,2011,39,14.0
Tulare,California,1984,38,14.0
Tulare,California,1991,38,16.0
Tulare,California,1992,38,16.0
Tulare,California,2014,38,15.0
Tulare,California,1987,36,14.0
Tulare,California,2012,36,16.0
Tulare,California,1982,35,15.0
Tulare,California,1980,34,16.0
Tulare,California,1981,33,14.0
Tulare,California,1997,33,15.0
Tulare,California,2002,33,14.0
Tulare,California,2003,33,15.0
Tulare,California,1988,32,14.0
Tulare,California,2009,32,16.0
Tulare,California,1983,30,15.0
Tulare,California,2004,30,17.0
Tulare,California,1990,28,16.0
Tulare,California,1993,28,18.0
Tulare,California,1985,27,15.0
Tulare,California,1989,27,15.0
Tulare,California,2001,27,16.0
Tulare,California,1986,25,17.0
Tulare,California,1999,25,16.0
Tulare,California,1996,24,17.0
Tulare,California,1998,23,17.0
Tulare,California,2000,18,17.0
Tuolumne,California,1991,7,32.0
Tuolumne,California,1987,4,39.0
Tuolumne,California,1993,4,35.0
Tuolumne,California,2003,4,34.0
Tuolumne,California,1990,3,43.0
Tuolumne,California,1994,3,37.0
Tuolumne,California,2005,3,37.0
Tuolumne,California,1980,2,46.0
Tuolumne,California,1982,2,45.0
Tuolumne,California,1983,2,43.0
Tuolumne,California,1999,2,38.0
Tuolumne,California,2000,2,43.0
Tuolumne,California,2002,2,39.0
Tuolumne,California,2004,2,40.0
Tuolumne,California,1984,1,50.0
Tuolumne,California,1985,1,51.0
Tuolumne,California,1988,1,50.0
Tuolumne,California,1992,1,47.0
Tuolumne,California,1995,1,46.0
Tuolumne,California,1996,1,44.0
Tuolumne,California,2001,1,41.0
Tuolumne,California,2007,1,45.0
Tuolumne,California,2008,1,42.0
Tuolumne,California,2009,1,42.0
Tuolumne,California,2010,1,42.0
Tuolumne,California,2011,1,48.0
Tuolumne,California,2014,1,47.0
Ventura,California,1993,49,14.0
Ventura,California,2003,48,13.0
Ventura,California,1986,44,14.0
Ventura,California,1991,41,15.0
Ventura,California,2013,41,16.0
Ventura,California,1980,40,14.0
Ventura,California,1982,34,16.0
Ventura,California,1996,34,14.0
Ventura,California,2004,34,16.0
Ventura,California,2005,34,15.0
Ventura,California,1998,32,14.0
Ventura,California,2006,32,15.0
Ventura,California,1992,31,18.0
Ventura,California,2008,31,16.0
Ventura,California,2009,31,17.0
Ventura,California,1994,30,17.0
Ventura,California,1995,30,18.0
Ventura,California,2001,30,15.0
Ventura,California,1984,29,16.0
Ventura,California,1988,28,16.0
Ventura,California,1997,28,17.0
Ventura,California,2000,27,15.0
Ventura,California,1981,26,16.0
Ventura,California,1983,25,16.0
Ventura,California,2012,24,18.0
Ventura,California,1989,23,18.0
Ventura,California,1985,22,17.0
Ventura,California,1999,22,17.0
Ventura,California,2002,22,17.0
Ventura,California,2014,21,20.0
Ventura,California,1987,20,18.0
Ventura,California,1990,20,18.0
Ventura,California,2010,20,20.0
Ventura,California,2007,18,18.0
Ventura,California,2011,16,19.0
Yolo,California,1989,13,23.0
Yolo,California,1990,12,24.0
Yolo,California,1993,11,25.0
Yolo,California,1980,10,28.0
Yolo,California,1983,10,24.0
Yolo,California,1986,10,27.0
Yolo,California,1988,10,25.0
Yolo,California,1991,10,27.0
Yolo,California,1994,10,26.0
Yolo,California,1995,10,24.0
Yolo,California,1984,9,26.0
Yolo,California,1987,9,28.0
Yolo,California,1985,8,29.0
Yolo,California,1998,8,26.0
Yolo,California,2004,8,22.0
Yolo,California,2009,8,26.0
Yolo,California,1996,7,29.0
Yolo,California,1981,6,30.0
Yolo,California,1997,6,29.0
Yolo,California,1999,6,25.0
Yolo,California,2000,6,26.0
Yolo,California,2003,6,31.0
Yolo,California,2013,6,27.0
Yolo,California,2014,6,29.0
Yolo,California,1992,5,35.0
Yolo,California,2001,5,31.0
Yolo,California,2002,5,28.0
Yolo,California,2011,5,30.0
Yolo,California,1982,4,34.0
Yolo,California,2005,4,30.0
Yolo,California,2006,4,34.0
Yolo,California,2007,4,37.0
Yolo,California,2008,4,33.0
Yolo,California,2010,3,34.0
Yuba,California,1989,14,22.0
Yuba,California,1990,8,33.0
Yuba,California,2005,8,24.0
Yuba,California,1980,7,33.0
Yuba,California,1983,7,29.0
Yuba,California,2012,7,25.0
Yuba,California,1981,6,30.0
Yuba,California,1998,6,33.0
Yuba,California,2008,6,30.0
Yuba,California,1985,5,36.0
Yuba,California,1986,5,39.0
Yuba,California,1991,5,38.0
Yuba,California,2003,5,32.0
Yuba,California,2004,5,29.0
Yuba,California,1982,4,34.0
Yuba,California,1987,4,39.0
Yuba,California,1992,4,38.0
Yuba,California,1995,4,39.0
Yuba,California,1997,4,36.0
Yuba,California,2011,4,33.0
Yuba,California,1984,3,43.0
Yuba,California,1988,3,43.0
Yuba,California,1993,3,39.0
Yuba,California,1994,3,37.0
Yuba,California,2000,3,38.0
Yuba,California,2001,3,37.0
Yuba,California,2006,3,36.0
Yuba,California,2009,3,34.0
Yuba,California,2013,3,39.0
Yuba,California,1996,2,39.0
Yuba,California,1999,2,38.0
Yuba,California,2010,2,38.0
Yuba,California,2014,2,44.0
Yuba,California,2002,1,44.0
